iso_3166_1,name,movie_id
US,United States of America,862
US,United States of America,15602
US,United States of America,11862
GB,United Kingdom,710
US,United States of America,710
US,United States of America,21032
US,United States of America,9273
US,United States of America,8012
AU,Australia,9598
US,United States of America,9598
US,United States of America,9312
US,United States of America,10530
US,United States of America,11525
US,United States of America,10634
US,United States of America,755
US,United States of America,10874
DE,Germany,27793
US,United States of America,27793
US,United States of America,9737
GB,United Kingdom,414
US,United States of America,414
US,United States of America,5894
US,United States of America,8068
US,United States of America,1572
FR,France,13552
US,United States of America,13552
FR,France,9073
US,United States of America,9073
JP,Japan,9070
US,United States of America,9070
US,United States of America,1642
FR,France,10802
US,United States of America,10802
DE,Germany,10149
JP,Japan,10149
US,United States of America,10149
US,United States of America,9348
US,United States of America,3512
FR,France,50797
RU,Russia,50797
AT,Austria,76
CH,Switzerland,76
US,United States of America,76
US,United States of America,2292
US,United States of America,8467
US,United States of America,15789
US,United States of America,628
US,United States of America,11
US,United States of America,18220
FR,France,110
PL,Poland,110
CH,Switzerland,110
FR,France,108
PL,Poland,108
FR,France,109
PL,Poland,109
US,United States of America,22586
US,United States of America,11395
US,United States of America,9059
US,United States of America,193
US,United States of America,3049
US,United States of America,9331
US,United States of America,9495
US,United States of America,888
US,United States of America,8587
US,United States of America,11596
US,United States of America,854
US,United States of America,36593
US,United States of America,1637
JP,Japan,8831
US,United States of America,8831
JP,Japan,11667
US,United States of America,11667
CA,Canada,8011
FR,France,8011
GB,United Kingdom,8011
US,United States of America,2758
US,United States of America,306
US,United States of America,11310
US,United States of America,24257
FR,France,1634
US,United States of America,1634
US,United States of America,5503
US,United States of America,2019
US,United States of America,9255
US,United States of America,329
US,United States of America,11231
US,United States of America,5550
US,United States of America,11236
US,United States of America,8850
US,United States of America,78
HK,Hong Kong,78
GB,United Kingdom,78
US,United States of America,771
US,United States of America,812
FR,France,280
US,United States of America,280
GB,United Kingdom,268
US,United States of America,268
US,United States of America,274
US,United States of America,10020
US,United States of America,10824
CA,Canada,11827
US,United States of America,8766
US,United States of America,19042
US,United States of America,954
US,United States of America,8840
US,United States of America,25087
IN,India,5801
IN,India,896
IT,Italy,8072
FR,France,8072
FR,France,11687
JP,Japan,9323
GB,United Kingdom,532
MX,Mexico,10547
US,United States of America,10547
GB,United Kingdom,627
US,United States of America,602
US,United States of America,10545
US,United States of America,9327
US,United States of America,10546
US,United States of America,9431
US,United States of America,10061
US,United States of America,238
HK,Hong Kong,11134
HK,Hong Kong,38955
US,United States of America,19004
US,United States of America,10987
US,United States of America,62
GB,United Kingdom,62
US,United States of America,3529
US,United States of America,10331
US,United States of America,10680
US,United States of America,14821
US,United States of America,14136
US,United States of America,10869
US,United States of America,11224
US,United States of America,10948
US,United States of America,11229
US,United States of America,562
GB,United Kingdom,10163
JP,Japan,10163
US,United States of America,10163
US,United States of America,11238
US,United States of America,88
FR,France,402
US,United States of America,402
US,United States of America,25750
GB,United Kingdom,11843
US,United States of America,1103
US,United States of America,11298
GB,United Kingdom,531
US,United States of America,36555
US,United States of America,11455
US,United States of America,1891
US,United States of America,85
GB,United Kingdom,679
US,United States of America,679
US,United States of America,429
IT,Italy,429
ES,Spain,429
DE,Germany,429
US,United States of America,1892
US,United States of America,348
GB,United Kingdom,348
US,United States of America,766
US,United States of America,539
US,United States of America,525
US,United States of America,240
GB,United Kingdom,530
GB,United Kingdom,218
US,United States of America,218
US,United States of America,829
US,United States of America,765
US,United States of America,105
GB,United Kingdom,8009
US,United States of America,8009
US,United States of America,756
US,United States of America,11314
US,United States of America,89
GB,United Kingdom,8077
US,United States of America,8077
US,United States of America,41671
US,United States of America,27214
US,United States of America,52263
US,United States of America,33519
IT,Italy,16235
MX,Mexico,16235
US,United States of America,16235
US,United States of America,11449
CA,Canada,41848
US,United States of America,41848
US,United States of America,229
US,United States of America,9529
US,United States of America,7340
US,United States of America,377
GB,United Kingdom,794
US,United States of America,794
DK,Denmark,145
FR,France,145
IS,Iceland,145
NL,Netherlands,145
NO,Norway,145
SE,Sweden,145
US,United States of America,199
US,United States of America,9279
US,United States of America,17204
GB,United Kingdom,11674
US,United States of America,11674
US,United States of America,1573
US,United States of America,152
US,United States of America,174
US,United States of America,172
US,United States of America,154
US,United States of America,157
US,United States of America,168
GB,United Kingdom,364
US,United States of America,364
US,United States of America,11967
US,United States of America,9086
US,United States of America,621
US,United States of America,9037
FR,France,8845
US,United States of America,8845
US,United States of America,578
US,United States of America,579
US,United States of America,17692
US,United States of America,4232
US,United States of America,34314
AU,Australia,9404
HK,Hong Kong,9404
RU,Russia,9404
US,United States of America,9404
JP,Japan,6499
US,United States of America,6499
BR,Brazil,9360
PE,Peru,9360
US,United States of America,9360
DE,Germany,816
US,United States of America,816
US,United States of America,1811
FR,France,1811
US,United States of America,330
US,United States of America,1639
GB,United Kingdom,415
US,United States of America,415
JP,Japan,17991
US,United States of America,607
US,United States of America,9387
CA,Canada,20737
US,United States of America,20737
US,United States of America,18519
US,United States of America,4961
US,United States of America,1669
US,United States of America,9437
US,United States of America,10351
US,United States of America,3597
GB,United Kingdom,1281
US,United States of America,1281
US,United States of America,563
US,United States of America,9823
US,United States of America,8078
CA,Canada,42832
US,United States of America,9714
US,United States of America,4233
GB,United Kingdom,714
US,United States of America,714
US,United States of America,11568
US,United States of America,11808
US,United States of America,617
US,United States of America,27472
US,United States of America,10216
US,United States of America,9771
US,United States of America,10674
CA,Canada,846
US,United States of America,846
US,United States of America,3050
US,United States of America,944
US,United States of America,1051
US,United States of America,1366
US,United States of America,10014
US,United States of America,10072
US,United States of America,10131
US,United States of America,10160
US,United States of America,11284
US,United States of America,4488
US,United States of America,9725
US,United States of America,9728
US,United States of America,9730
US,United States of America,9731
US,United States of America,10225
US,United States of America,10281
US,United States of America,10283
US,United States of America,948
US,United States of America,11281
US,United States of America,10676
US,United States of America,11357
US,United States of America,11361
US,United States of America,609
US,United States of America,11133
US,United States of America,10306
US,United States of America,9552
US,United States of America,11586
US,United States of America,11587
US,United States of America,941
US,United States of America,942
US,United States of America,943
US,United States of America,927
US,United States of America,928
US,United States of America,9342
US,United States of America,165
US,United States of America,196
US,United States of America,17984
US,United States of America,3170
IT,Italy,242
US,United States of America,242
US,United States of America,11164
US,United States of America,12129
US,United States of America,14140
US,United States of America,11158
US,United States of America,9354
US,United States of America,9325
US,United States of America,10340
US,United States of America,10144
US,United States of America,10414
US,United States of America,10437
US,United States of America,12230
US,United States of America,10693
US,United States of America,11135
US,United States of America,11319
US,United States of America,15969
US,United States of America,19762
US,United States of America,2619
US,United States of America,97
US,United States of America,11675
US,United States of America,87
US,United States of America,123
US,United States of America,10823
IE,Ireland,11497
GB,United Kingdom,11497
US,United States of America,11497
US,United States of America,2907
US,United States of America,11704
US,United States of America,11415
US,United States of America,37530
ZA,South Africa,8393
BW,Botswana,8393
BW,Botswana,11937
US,United States of America,11937
ZA,South Africa,11937
CA,Canada,21661
US,United States of America,21661
DE,Germany,34584
US,United States of America,34584
DE,Germany,34636
US,United States of America,34636
US,United States of America,36647
CA,Canada,431
US,United States of America,2109
CA,Canada,9877
FR,France,9877
US,United States of America,9877
US,United States of America,1091
US,United States of America,4437
US,United States of America,9945
US,United States of America,4518
US,United States of America,3600
US,United States of America,12223
US,United States of America,14444
JP,Japan,1678
US,United States of America,39256
JP,Japan,39256
JP,Japan,1680
US,United States of America,9749
US,United States of America,14628
NL,Netherlands,9626
US,United States of America,9626
FR,France,707
IS,Iceland,707
GB,United Kingdom,707
US,United States of America,707
US,United States of America,9336
US,United States of America,10157
US,United States of America,12118
US,United States of America,10587
US,United States of America,11825
US,United States of America,11895
AU,Australia,9447
US,United States of America,200
US,United States of America,1369
US,United States of America,1368
US,United States of America,1370
US,United States of America,10303
MX,Mexico,9326
US,United States of America,9326
US,United States of America,10328
US,United States of America,11285
US,United States of America,1367
US,United States of America,1371
US,United States of America,1374
US,United States of America,1375
US,United States of America,1885
US,United States of America,8856
US,United States of America,10495
CA,Canada,6917
US,United States of America,6917
CA,Canada,40729
US,United States of America,40729
US,United States of America,11815
CA,Canada,9426
GB,United Kingdom,9426
US,United States of America,9426
CA,Canada,10344
US,United States of America,10344
US,United States of America,30497
US,United States of America,16337
US,United States of America,25018
US,United States of America,16780
AU,Australia,9671
AU,Australia,9396
US,United States of America,9396
US,United States of America,8224
US,United States of America,8913
US,United States of America,10906
US,United States of America,25748
US,United States of America,25749
US,United States of America,10671
US,United States of America,27932
US,United States of America,7227
US,United States of America,2362
US,United States of America,871
US,United States of America,1685
US,United States of America,1705
US,United States of America,1688
US,United States of America,1687
US,United States of America,29723
AU,Australia,9535
US,United States of America,9535
US,United States of America,796
US,United States of America,7341
AU,Australia,603
US,United States of America,603
US,United States of America,564
US,United States of America,1893
US,United States of America,15849
GB,United Kingdom,18990
US,United States of America,29242
US,United States of America,29243
US,United States of America,31498
US,United States of America,29239
GB,United Kingdom,1924
US,United States of America,1924
GB,United Kingdom,8536
US,United States of America,8536
GB,United Kingdom,9531
US,United States of America,9531
GB,United Kingdom,11411
US,United States of America,11411
US,United States of America,138
US,United States of America,30793
US,United States of America,3103
US,United States of America,3035
US,United States of America,3077
US,United States of America,3074
US,United States of America,3076
GB,United Kingdom,3079
US,United States of America,32023
US,United States of America,13666
GB,United Kingdom,29794
US,United States of America,29794
US,United States of America,17918
US,United States of America,817
US,United States of America,37135
US,United States of America,2105
FR,France,10239
US,United States of America,10208
US,United States of America,2667
US,United States of America,620
US,United States of America,2978
US,United States of America,332
FR,France,147
US,United States of America,9710
US,United States of America,10766
GB,United Kingdom,10768
US,United States of America,10768
US,United States of America,813
US,United States of America,2665
US,United States of America,11077
US,United States of America,28597
US,United States of America,850
CA,Canada,850
US,United States of America,10366
US,United States of America,9349
US,United States of America,11797
US,United States of America,18086
HK,Hong Kong,10975
HK,Hong Kong,10974
HR,Croatia,10974
US,United States of America,9638
US,United States of America,10576
US,United States of America,12662
HK,Hong Kong,11230
GB,United Kingdom,1654
US,United States of America,1654
GB,United Kingdom,658
US,United States of America,658
GB,United Kingdom,657
GB,United Kingdom,646
US,United States of America,5689
IT,Italy,391
DE,Germany,391
ES,Spain,391
US,United States of America,772
GB,United Kingdom,15247
US,United States of America,29251
US,United States of America,5548
US,United States of America,5549
GB,United Kingdom,699
US,United States of America,699
GB,United Kingdom,709
US,United States of America,709
GB,United Kingdom,253
BS,Bahamas,660
FR,France,660
GB,United Kingdom,660
US,United States of America,660
US,United States of America,11377
US,United States of America,18111
US,United States of America,16281
US,United States of America,16288
US,United States of America,1694
JP,Japan,10228
US,United States of America,10228
US,United States of America,9264
US,United States of America,18222
GB,United Kingdom,36643
US,United States of America,36643
US,United States of America,863
US,United States of America,32669
US,United States of America,10402
DE,Germany,10137
US,United States of America,10137
US,United States of America,49948
US,United States of America,10471
US,United States of America,14919
US,United States of America,2005
US,United States of America,6279
US,United States of America,9869
MX,Mexico,9367
US,United States of America,9367
US,United States of America,4234
CA,Canada,8374
US,United States of America,8374
US,United States of America,2787
CA,Canada,2069
US,United States of America,2069
DE,Germany,10839
GB,United Kingdom,10839
US,United States of America,838
US,United States of America,11176
GB,United Kingdom,11899
US,United States of America,11899
US,United States of America,9532
US,United States of America,13939
US,United States of America,14373
US,United States of America,24873
US,United States of America,26263
CA,Canada,34746
US,United States of America,34746
HK,Hong Kong,1498
US,United States of America,1498
HK,Hong Kong,1497
US,United States of America,1497
HK,Hong Kong,1499
US,United States of America,1499
US,United States of America,11690
US,United States of America,11520
US,United States of America,11356
GB,United Kingdom,17339
US,United States of America,13665
US,United States of America,12309
US,United States of America,106
CA,Canada,1359
US,United States of America,1359
GB,United Kingdom,10557
US,United States of America,11977
DE,Germany,9456
US,United States of America,9456
US,United States of America,889
DK,Denmark,452
FR,France,452
DE,Germany,452
IT,Italy,452
NL,Netherlands,452
SE,Sweden,452
US,United States of America,39283
US,United States of America,65460
US,United States of America,55667
IT,Italy,16395
US,United States of America,10560
US,United States of America,9285
DE,Germany,955
US,United States of America,955
HK,Hong Kong,8584
US,United States of America,8584
GB,United Kingdom,668
US,United States of America,668
GB,United Kingdom,691
US,United States of America,691
FR,France,698
GB,United Kingdom,698
US,United States of America,698
GB,United Kingdom,682
US,United States of America,682
US,United States of America,21
GB,United Kingdom,10911
US,United States of America,10911
US,United States of America,26953
US,United States of America,26954
US,United States of America,26956
US,United States of America,26957
US,United States of America,26958
US,United States of America,26959
US,United States of America,26960
US,United States of America,21137
US,United States of America,36724
IT,Italy,938
ES,Spain,938
DE,Germany,938
US,United States of America,10648
US,United States of America,169
US,United States of America,10128
AU,Australia,9659
AU,Australia,8810
AU,Australia,9355
US,United States of America,10068
US,United States of America,11495
US,United States of America,482
DE,Germany,479
US,United States of America,479
US,United States of America,9873
US,United States of America,16820
US,United States of America,15379
US,United States of America,12764
US,United States of America,27352
US,United States of America,494
US,United States of America,493
US,United States of America,4247
US,United States of America,36657
JP,Japan,12599
US,United States of America,12599
US,United States of America,12107
DE,Germany,9383
US,United States of America,9383
US,United States of America,15158
US,United States of America,16139
US,United States of America,16146
DE,Germany,20850
US,United States of America,20850
DE,Germany,8843
US,United States of America,8843
JP,Japan,10643
US,United States of America,37136
US,United States of America,37137
CA,Canada,11398
US,United States of America,11398
US,United States of America,1588
US,United States of America,12211
CA,Canada,12212
US,United States of America,12212
AR,Argentina,16
DK,Denmark,16
FI,Finland,16
FR,France,16
DE,Germany,16
IS,Iceland,16
IT,Italy,16
NL,Netherlands,16
NO,Norway,16
SE,Sweden,16
GB,United Kingdom,16
US,United States of America,16
GB,United Kingdom,9003
GB,United Kingdom,9064
CA,Canada,11569
US,United States of America,11569
US,United States of America,38126
US,United States of America,10973
US,United States of America,10787
US,United States of America,27475
US,United States of America,27764
US,United States of America,27767
US,United States of America,40760
US,United States of America,40446
JP,Japan,20455
US,United States of America,20455
US,United States of America,1597
US,United States of America,18498
US,United States of America,28605
HK,Hong Kong,12207
US,United States of America,11531
GB,United Kingdom,681
US,United States of America,681
DE,Germany,16340
US,United States of America,16340
US,United States of America,10481
CN,China,146
HK,Hong Kong,146
TW,Taiwan,146
US,United States of America,146
CZ,Czech Republic,11849
US,United States of America,11849
GB,United Kingdom,708
US,United States of America,708
US,United States of America,10673
US,United States of America,1493
US,United States of America,10577
US,United States of America,96
US,United States of America,90
US,United States of America,18935
US,United States of America,764
US,United States of America,580
US,United States of America,1547
US,United States of America,10019
CA,Canada,37302
GB,United Kingdom,9740
US,United States of America,9740
US,United States of America,19405
GB,United Kingdom,17965
US,United States of America,17965
US,United States of America,11454
US,United States of America,10054
CA,Canada,2043
DE,Germany,2043
US,United States of America,2043
FR,France,56715
US,United States of America,56715
JP,Japan,10991
FR,France,634
IE,Ireland,634
GB,United Kingdom,634
US,United States of America,634
US,United States of America,10956
AU,Australia,9290
US,United States of America,9290
US,United States of America,1734
US,United States of America,808
US,United States of America,1406
IT,Italy,41050
FR,France,41050
US,United States of America,966
ES,Spain,12639
US,United States of America,12639
US,United States of America,10865
US,United States of America,1995
US,United States of America,10808
DE,Germany,9799
US,United States of America,9799
FR,France,60670
US,United States of America,10992
CA,Canada,4248
US,United States of America,4248
IT,Italy,24382
US,United States of America,11286
US,United States of America,11950
US,United States of America,12236
US,United States of America,20075
US,United States of America,20197
IT,Italy,11906
JP,Japan,2114
US,United States of America,2114
US,United States of America,8835
US,United States of America,26044
US,United States of America,18509
US,United States of America,3980
US,United States of America,10127
US,United States of America,12702
US,United States of America,10651
US,United States of America,5680
US,United States of America,26386
GB,United Kingdom,38500
IE,Ireland,12144
US,United States of America,12144
US,United States of America,24929
US,United States of America,10925
US,United States of America,11966
US,United States of America,2605
JP,Japan,41428
US,United States of America,12500
US,United States of America,25678
US,United States of America,25682
CA,Canada,25682
ZA,South Africa,25682
US,United States of America,32049
US,United States of America,10134
US,United States of America,10345
US,United States of America,9942
US,United States of America,331
US,United States of America,19142
US,United States of America,11342
US,United States of America,24126
US,United States of America,27813
US,United States of America,9880
US,United States of America,5175
US,United States of America,17169
US,United States of America,2770
DE,Germany,8922
US,United States of America,8922
DE,Germany,9398
US,United States of America,9398
US,United States of America,10866
FR,France,166
US,United States of America,13612
US,United States of America,984
US,United States of America,141
US,United States of America,585
GB,United Kingdom,671
US,United States of America,671
US,United States of America,16441
GB,United Kingdom,34388
US,United States of America,37835
GB,United Kingdom,26398
US,United States of America,26398
US,United States of America,10649
GB,United Kingdom,27591
US,United States of America,27591
US,United States of America,10650
US,United States of America,8007
NZ,New Zealand,120
US,United States of America,120
US,United States of America,12593
US,United States of America,14683
US,United States of America,11595
US,United States of America,9610
US,United States of America,150
AU,Australia,16690
CA,Canada,16690
US,United States of America,16690
US,United States of America,39939
AU,Australia,11979
US,United States of America,11979
US,United States of America,25006
JP,Japan,15999
US,United States of America,15999
AU,Australia,13225
US,United States of America,13225
IT,Italy,7219
US,United States of America,425
FR,France,1576
DE,Germany,1576
GB,United Kingdom,1576
US,United States of America,1576
US,United States of America,17804
US,United States of America,31805
US,United States of America,13861
US,United States of America,29021
FR,France,28213
US,United States of America,12705
US,United States of America,11006
US,United States of America,15120
SE,Sweden,16026
DE,Germany,36586
US,United States of America,36586
US,United States of America,11452
US,United States of America,11590
CA,Canada,8346
US,United States of America,8346
US,United States of America,12154
US,United States of America,11630
US,United States of America,11470
US,United States of America,557
US,United States of America,12227
US,United States of America,43643
US,United States of America,1894
US,United States of America,15417
US,United States of America,4614
US,United States of America,2501
DE,Germany,2501
CZ,Czech Republic,2501
US,United States of America,9637
US,United States of America,14774
US,United States of America,11544
US,United States of America,608
US,United States of America,11442
US,United States of America,10996
US,United States of America,818
GB,United Kingdom,36645
US,United States of America,9488
US,United States of America,7451
US,United States of America,15070
US,United States of America,9595
GB,United Kingdom,3127
US,United States of America,10611
US,United States of America,4108
FR,France,4108
US,United States of America,32685
GB,United Kingdom,18477
US,United States of America,18477
US,United States of America,12262
DE,Germany,9533
US,United States of America,9533
DE,Germany,10575
GB,United Kingdom,10575
US,United States of America,10575
JP,Japan,1682
JP,Japan,39462
JP,Japan,18983
US,United States of America,18983
US,United States of America,24348
GB,United Kingdom,11868
IT,Italy,10772
ES,Spain,10772
IT,Italy,77079
JP,Japan,12600
US,United States of America,12600
JP,Japan,565
US,United States of America,565
US,United States of America,21925
US,United States of America,10285
US,United States of America,17205
DE,Germany,2264
US,United States of America,9012
GB,United Kingdom,12208
US,United States of America,12208
US,United States of America,9021
DE,Germany,10167
US,United States of America,10167
DE,Germany,672
GB,United Kingdom,672
US,United States of America,672
US,United States of America,29229
CA,Canada,29229
US,United States of America,13888
GB,United Kingdom,36669
US,United States of America,36669
US,United States of America,10426
GB,United Kingdom,14433
AU,Australia,9932
US,United States of America,9932
DK,Denmark,35343
SE,Sweden,35343
FR,France,171
US,United States of America,201
NZ,New Zealand,121
US,United States of America,121
GB,United Kingdom,31804
CA,Canada,16225
DE,Germany,16225
US,United States of America,9358
JP,Japan,15802
FR,France,11915
DK,Denmark,29224
SE,Sweden,29224
DE,Germany,2262
GB,United Kingdom,9699
US,United States of America,9699
US,United States of America,23943
HK,Hong Kong,6038
US,United States of America,6038
AU,Australia,14873
US,United States of America,14873
US,United States of America,24883
US,United States of America,17264
GB,United Kingdom,15347
US,United States of America,15347
JP,Japan,2671
JP,Japan,9669
SE,Sweden,42695
US,United States of America,2662
US,United States of America,36658
US,United States of America,10708
AU,Australia,604
US,United States of America,604
FR,France,1555
JP,Japan,33875
US,United States of America,310
US,United States of America,12
DE,Germany,9902
US,United States of America,9902
US,United States of America,584
US,United States of America,10152
US,United States of America,20694
GB,United Kingdom,35669
GB,United Kingdom,170
US,United States of America,10327
DE,Germany,296
GB,United Kingdom,296
US,United States of America,296
US,United States of America,22
US,United States of America,8961
FR,France,9486
GB,United Kingdom,9486
US,United States of America,1996
DE,Germany,1996
JP,Japan,1996
GB,United Kingdom,1996
US,United States of America,12279
US,United States of America,8273
US,United States of America,9257
IT,Italy,33954
CA,Canada,6466
IT,Italy,6466
US,United States of America,6466
CA,Canada,10923
US,United States of America,10923
US,United States of America,9362
US,United States of America,936
GB,United Kingdom,12268
US,United States of America,12268
CA,Canada,7504
IN,India,7504
CA,Canada,513
IN,India,513
US,United States of America,11351
ES,Spain,2722
US,United States of America,11547
US,United States of America,1428
HK,Hong Kong,10617
HK,Hong Kong,10618
HK,Hong Kong,10619
US,United States of America,8408
JP,Japan,8408
DE,Germany,277
HU,Hungary,277
GB,United Kingdom,277
US,United States of America,277
IL,Israel,17614
US,United States of America,18113
US,United States of America,11806
US,United States of America,10438
CA,Canada,9871
US,United States of America,9871
US,United States of America,33258
US,United States of America,24
US,United States of America,9373
US,United States of America,4256
US,United States of America,10009
HK,Hong Kong,10389
SG,Singapore,10389
TH,Thailand,10389
GB,United Kingdom,3117
IN,India,897
US,United States of America,27117
US,United States of America,44383
US,United States of America,605
AU,Australia,605
US,United States of America,11846
DE,Germany,10147
US,United States of America,10147
US,United States of America,9556
GB,United Kingdom,38939
US,United States of America,860
AR,Argentina,8010
FR,France,8010
GB,United Kingdom,8010
US,United States of America,951
JP,Japan,3176
US,United States of America,11824
GB,United Kingdom,1594
US,United States of America,1594
US,United States of America,11811
FR,France,255
US,United States of America,10028
NZ,New Zealand,122
US,United States of America,122
US,United States of America,11007
ES,Spain,11429
US,United States of America,5205
CA,Canada,1954
US,United States of America,1954
US,United States of America,21301
US,United States of America,30566
US,United States of America,42466
US,United States of America,9838
US,United States of America,10677
US,United States of America,17047
US,United States of America,11024
US,United States of America,1487
US,United States of America,11358
US,United States of America,2122
IT,Italy,923
JP,Japan,923
US,United States of America,923
US,United States of America,34082
US,United States of America,393
CZ,Czech Republic,7131
US,United States of America,7131
US,United States of America,10035
GB,United Kingdom,667
GB,United Kingdom,700
US,United States of America,700
DE,Germany,36670
GB,United Kingdom,36670
US,United States of America,36670
US,United States of America,10940
IL,Israel,16113
US,United States of America,16113
US,United States of America,25508
TH,Thailand,39907
PE,Peru,9545
US,United States of America,9545
US,United States of America,10916
US,United States of America,10921
US,United States of America,10941
US,United States of America,14589
US,United States of America,14594
US,United States of America,14590
US,United States of America,14588
US,United States of America,14595
DE,Germany,1583
HK,Hong Kong,17653
US,United States of America,11069
US,United States of America,10829
GB,United Kingdom,31952
GB,United Kingdom,3075
SE,Sweden,11506
SE,Sweden,29455
SE,Sweden,11602
US,United States of America,42632
HK,Hong Kong,10775
US,United States of America,15618
US,United States of America,13282
DK,Denmark,250
US,United States of America,19086
GB,United Kingdom,15824
DK,Denmark,15824
SE,Sweden,15824
NO,Norway,15824
IT,Italy,5165
FR,France,5165
FR,France,19128
DE,Germany,19128
IT,Italy,19128
GB,United Kingdom,33560
JP,Japan,15371
US,United States of America,809
GB,United Kingdom,673
US,United States of America,673
US,United States of America,2789
US,United States of America,8920
US,United States of America,11546
US,United States of America,17481
US,United States of America,27118
JP,Japan,31217
JP,Japan,38582
US,United States of America,9542
US,United States of America,10606
GB,United Kingdom,6081
US,United States of America,6081
FR,France,2330
FR,France,2334
US,United States of America,558
US,United States of America,80
US,United States of America,8699
CA,Canada,11247
US,United States of America,11247
DE,Germany,2502
US,United States of America,2502
US,United States of America,12625
US,United States of America,43417
US,United States of America,20408
US,United States of America,18706
US,United States of America,34327
US,United States of America,20417
GB,United Kingdom,35780
GB,United Kingdom,25361
US,United States of America,11282
US,United States of America,11130
CA,Canada,395
CZ,Czech Republic,395
DE,Germany,395
GB,United Kingdom,395
US,United States of America,395
US,United States of America,10762
US,United States of America,11026
US,United States of America,11237
US,United States of America,24924
GB,United Kingdom,1577
US,United States of America,1577
DE,Germany,1577
FR,France,1577
CA,Canada,1577
US,United States of America,27816
US,United States of America,27815
JP,Japan,1970
US,United States of America,1970
US,United States of America,176
US,United States of America,9806
FR,France,9801
DE,Germany,9801
IE,Ireland,9801
GB,United Kingdom,9801
US,United States of America,9801
US,United States of America,2059
US,United States of America,11836
US,United States of America,36648
US,United States of America,28421
US,United States of America,27970
US,United States of America,23101
US,United States of America,28436
RU,Russia,9797
US,United States of America,31980
US,United States of America,30801
JP,Japan,31372
JP,Japan,31374
JP,Japan,31378
JP,Japan,34528
JP,Japan,34530
IT,Italy,21135
FR,France,21135
GB,United Kingdom,17102
FR,France,11047
BE,Belgium,11047
FR,France,9929
BE,Belgium,9929
GB,United Kingdom,29778
GB,United Kingdom,29748
JP,Japan,70327
IT,Italy,9394
GB,United Kingdom,34479
SE,Sweden,40732
US,United States of America,18250
GB,United Kingdom,18250
GB,United Kingdom,33020
FR,France,12089
JP,Japan,41471
JP,Japan,17810
IT,Italy,9474
US,United States of America,25473
FR,France,24402
US,United States of America,16246
US,United States of America,19174
FR,France,9385
FR,France,28209
US,United States of America,10711
US,United States of America,38783
US,United States of America,10640
US,United States of America,1362
FR,France,33701
US,United States of America,1884
US,United States of America,27414
FR,France,8868
AR,Argentina,29903
US,United States of America,29903
US,United States of America,10372
HK,Hong Kong,9056
FR,France,9318
NL,Netherlands,10570
HK,Hong Kong,11471
US,United States of America,22572
HK,Hong Kong,30421
HK,Hong Kong,18305
JP,Japan,14571
US,United States of America,1483
US,United States of America,34376
MX,Mexico,29904
US,United States of America,29904
NO,Norway,34683
SE,Sweden,34683
DK,Denmark,34683
US,United States of America,47350
US,United States of America,25684
HK,Hong Kong,18817
US,United States of America,16437
HK,Hong Kong,17811
US,United States of America,35610
DE,Germany,32764
AT,Austria,32764
HK,Hong Kong,26877
US,United States of America,18998
US,United States of America,11067
JP,Japan,12613
FR,France,37563
SE,Sweden,16003
DK,Denmark,2061
US,United States of America,36702
IT,Italy,17629
MA,Morocco,17629
NO,Norway,17629
SE,Sweden,17629
AU,Australia,9732
US,United States of America,9732
US,United States of America,10213
US,United States of America,12095
ES,Spain,1283
DE,Germany,344
US,United States of America,15805
US,United States of America,11508
US,United States of America,12485
JP,Japan,18491
US,United States of America,39927
FR,France,21348
BE,Belgium,21348
LU,Luxembourg,21348
FR,France,2332
RU,Russia,20882
US,United States of America,5458
US,United States of America,28031
AU,Australia,15653
US,United States of America,15653
JP,Japan,71138
JP,Japan,39872
US,United States of America,10706
US,United States of America,17208
DK,Denmark,10751
FR,France,2899
DE,Germany,2899
JP,Japan,36243
US,United States of America,10726
CA,Canada,437
KR,South Korea,11178
SE,Sweden,100973
KR,South Korea,4689
PL,Poland,18248
US,United States of America,18248
AU,Australia,11430
US,United States of America,11430
DE,Germany,4326
JP,Japan,32250
JP,Japan,44203
US,United States of America,10891
US,United States of America,12540
FR,France,60672
GB,United Kingdom,60672
IT,Italy,60672
US,United States of America,14245
JP,Japan,3177
HK,Hong Kong,10855
JP,Japan,12140
CA,Canada,10361
JP,Japan,11838
KR,South Korea,670
CA,Canada,12583
JP,Japan,9694
JP,Japan,22537
US,United States of America,10304
JP,Japan,9666
TH,Thailand,9316
CN,China,11647
HK,Hong Kong,11647
SG,Singapore,11647
US,United States of America,10105
US,United States of America,83
HK,Hong Kong,14310
US,United States of America,10320
RU,Russia,62276
JP,Japan,5889
US,United States of America,5460
US,United States of America,8357
HK,Hong Kong,24674
SG,Singapore,24674
US,United States of America,12597
US,United States of America,693
CA,Canada,11804
GB,United Kingdom,11804
US,United States of America,11804
JP,Japan,18627
ES,Spain,23832
FR,France,23832
IT,Italy,23832
JP,Japan,11633
DE,Germany,12127
SE,Sweden,12127
DE,Germany,11626
SE,Sweden,11626
US,United States of America,27549
US,United States of America,11637
CA,Canada,12142
DE,Germany,12142
US,United States of America,12142
US,United States of America,8968
DE,Germany,661
DE,Germany,10214
US,United States of America,10214
RU,Russia,3040
US,United States of America,44875
FR,France,258
US,United States of America,4551
JP,Japan,3115
JP,Japan,6593
CA,Canada,438
US,United States of America,10040
JP,Japan,19545
US,United States of America,187
FR,France,47406
IT,Italy,47406
JP,Japan,9674
US,United States of America,10065
US,United States of America,13409
US,United States of America,11679
HK,Hong Kong,24444
JP,Japan,24444
JP,Japan,9463
US,United States of America,1895
US,United States of America,28423
US,United States of America,953
US,United States of America,12700
US,United States of America,9779
JP,Japan,18289
GB,United Kingdom,272
US,United States of America,272
JP,Japan,15767
US,United States of America,11451
CA,Canada,11683
FR,France,11683
US,United States of America,11683
SE,Sweden,42488
IT,Italy,20914
JP,Japan,39464
GB,United Kingdom,4889
DE,Germany,9738
US,United States of America,9738
FR,France,1826
GB,United Kingdom,1826
DE,Germany,1696
US,United States of America,1696
US,United States of America,6519
US,United States of America,11453
DK,Denmark,11328
GB,United Kingdom,11328
US,United States of America,22965
FR,France,9564
FR,France,9335
US,United States of America,17386
HK,Hong Kong,10753
CN,China,11636
HK,Hong Kong,11636
GB,United Kingdom,8923
US,United States of America,8923
JP,Japan,647
US,United States of America,11968
GB,United Kingdom,533
US,United States of America,533
GB,United Kingdom,9763
US,United States of America,9763
MX,Mexico,1656
US,United States of America,1656
US,United States of America,215
IT,Italy,10915
US,United States of America,8274
US,United States of America,26845
US,United States of America,18994
FR,France,259
DE,Germany,25
US,United States of America,25
GB,United Kingdom,23220
AU,Australia,9885
GB,United Kingdom,9392
GB,United Kingdom,674
US,United States of America,674
GB,United Kingdom,3124
GB,United Kingdom,411
US,United States of America,411
RU,Russia,43118
SU,Soviet Union,43118
US,United States of America,9641
US,United States of America,9568
FR,France,6935
KR,South Korea,4550
FR,France,10045
US,United States of America,168705
US,United States of America,1690
US,United States of America,10982
US,United States of America,834
US,United States of America,11246
CA,Canada,11246
JP,Japan,52728
US,United States of America,7295
CA,Canada,7509
FR,France,11183
FR,France,11283
GB,United Kingdom,11283
US,United States of America,11283
CA,Canada,9286
DE,Germany,9286
US,United States of America,9286
US,United States of America,12096
US,United States of America,9975
US,United States of America,9682
US,United States of America,14609
US,United States of America,950
US,United States of America,18009
US,United States of America,19286
US,United States of America,19287
US,United States of America,18011
FR,France,9792
US,United States of America,9792
GB,United Kingdom,11573
US,United States of America,46828
IT,Italy,46828
US,United States of America,10292
DE,Germany,3093
GB,United Kingdom,3093
US,United States of America,3093
US,United States of America,4257
CA,Canada,588
FR,France,588
JP,Japan,588
US,United States of America,588
TH,Thailand,8982
AU,Australia,8982
CN,China,956
DE,Germany,956
US,United States of America,956
US,United States of America,591
MT,Malta,591
FR,France,591
GB,United Kingdom,591
CA,Canada,36668
GB,United Kingdom,36668
US,United States of America,36668
US,United States of America,920
US,United States of America,58
US,United States of America,2295
US,United States of America,8997
US,United States of America,10947
JP,Japan,9615
US,United States of America,9615
GB,United Kingdom,9513
US,United States of America,9513
IT,Italy,10770
US,United States of America,1452
GB,United Kingdom,36576
US,United States of America,36576
US,United States of America,33005
US,United States of America,1593
GB,United Kingdom,1593
US,United States of America,1948
US,United States of America,9762
HK,Hong Kong,58311
HK,Hong Kong,18672
AT,Austria,32761
US,United States of America,12094
US,United States of America,15997
US,United States of America,7484
US,United States of America,10781
US,United States of America,1975
US,United States of America,8975
JP,Japan,5890
US,United States of America,214
IT,Italy,43071
FR,France,43071
US,United States of America,14620
US,United States of America,13767
IT,Italy,36557
GB,United Kingdom,36557
US,United States of America,36557
CZ,Czech Republic,36557
DE,Germany,36557
AU,Australia,9836
FR,France,15152
US,United States of America,10032
US,United States of America,22440
GB,United Kingdom,17604
US,United States of America,1246
US,United States of America,12795
FR,France,33583
DE,Germany,33583
IT,Italy,33583
FR,France,9992
US,United States of America,8275
FR,France,11578
IT,Italy,11578
FR,France,11972
IT,Italy,11972
US,United States of America,9966
GB,United Kingdom,1248
CZ,Czech Republic,1248
FR,France,1248
IT,Italy,1248
US,United States of America,14761
US,United States of America,9965
CA,Canada,9958
US,United States of America,1250
AU,Australia,1250
GB,United Kingdom,13185
HK,Hong Kong,11841
DE,Germany,11945
SE,Sweden,11945
FR,France,5691
IT,Italy,5691
US,United States of America,15582
DK,Denmark,11330
US,United States of America,10942
CA,Canada,7006
US,United States of America,7006
US,United States of America,8965
US,United States of America,1271
US,United States of America,9793
US,United States of America,10172
US,United States of America,10294
AT,Austria,1987
CH,Switzerland,1987
GB,United Kingdom,1268
US,United States of America,1268
FR,France,1268
DE,Germany,1268
US,United States of America,559
US,United States of America,14240
RU,Russia,2269
ES,Spain,1562
GB,United Kingdom,1562
US,United States of America,810
US,United States of America,285
US,United States of America,14208
US,United States of America,14207
JP,Japan,39465
JP,Japan,12561
JP,Japan,36679
US,United States of America,1691
IT,Italy,22049
US,United States of America,22049
DE,Germany,1979
GB,United Kingdom,1979
US,United States of America,1979
US,United States of America,1991
US,United States of America,11211
GB,United Kingdom,9815
US,United States of America,12695
GB,United Kingdom,1571
US,United States of America,1571
US,United States of America,2698
US,United States of America,1858
GB,United Kingdom,675
US,United States of America,675
SE,Sweden,13491
DE,Germany,2503
US,United States of America,2503
BR,Brazil,34588
AT,Austria,2701
DE,Germany,2701
IT,Italy,2701
US,United States of America,2701
FR,France,17350
US,United States of America,5174
US,United States of America,14144
US,United States of America,2082
FR,France,1845
DE,Germany,1845
FR,France,2335
US,United States of America,1992
US,United States of America,14348
AU,Australia,7737
FR,France,7737
DE,Germany,7737
GB,United Kingdom,7737
US,United States of America,7737
GB,United Kingdom,4517
NZ,New Zealand,4513
US,United States of America,4513
US,United States of America,663
HK,Hong Kong,48301
BR,Brazil,7347
US,United States of America,16768
FR,France,1620
US,United States of America,1620
US,United States of America,6477
US,United States of America,7249
CA,Canada,13186
US,United States of America,13186
US,United States of America,15495
US,United States of America,6637
US,United States of America,440
DE,Germany,6076
US,United States of America,69315
ES,Spain,8329
CA,Canada,2312
DE,Germany,2312
US,United States of America,2312
US,United States of America,11908
DE,Germany,6933
JP,Japan,6933
US,United States of America,6933
DE,Germany,7555
US,United States of America,7555
US,United States of America,9030
DE,Germany,11253
US,United States of America,11253
GB,United Kingdom,13054
US,United States of America,8328
US,United States of America,13025
US,United States of America,28260
GB,United Kingdom,155
US,United States of America,155
US,United States of America,18070
US,United States of America,8456
JP,Japan,19333
US,United States of America,1266
US,United States of America,13335
GB,United Kingdom,9017
US,United States of America,38661
US,United States of America,40044
US,United States of America,40214
US,United States of America,1726
FR,France,8681
GB,United Kingdom,8681
US,United States of America,8681
CA,Canada,13001
US,United States of America,13001
US,United States of America,8277
CZ,Czech Republic,2454
PL,Poland,2454
SI,Slovenia,2454
US,United States of America,2454
US,United States of America,217
US,United States of America,4564
US,United States of America,9502
US,United States of America,12889
US,United States of America,13205
US,United States of America,8359
AT,Austria,9010
US,United States of America,88751
DK,Denmark,15840
SE,Sweden,15830
DK,Denmark,15830
JP,Japan,16007
US,United States of America,11802
CA,Canada,12914
US,United States of America,12914
US,United States of America,14154
CA,Canada,8836
US,United States of America,8836
AU,Australia,10898
US,United States of America,10898
CA,Canada,10898
GB,United Kingdom,13541
GB,United Kingdom,11910
DE,Germany,1735
US,United States of America,1735
CN,China,12289
US,United States of America,10188
US,United States of America,13649
GB,United Kingdom,10483
US,United States of America,10483
DE,Germany,10483
RO,Romania,13515
US,United States of America,13515
US,United States of America,13564
IT,Italy,15206
US,United States of America,15206
US,United States of America,16456
US,United States of America,12683
IT,Italy,11874
DK,Denmark,25741
FI,Finland,25741
DE,Germany,25741
IE,Ireland,25741
US,United States of America,13812
US,United States of America,13489
JP,Japan,41474
JP,Japan,41477
US,United States of America,16068
US,United States of America,15289
US,United States of America,11887
US,United States of America,13253
US,United States of America,10527
JP,Japan,36073
GB,United Kingdom,10764
US,United States of America,10764
JP,Japan,14943
US,United States of America,13655
US,United States of America,11917
US,United States of America,12525
US,United States of America,14405
US,United States of America,36571
US,United States of America,36572
HR,Croatia,36572
US,United States of America,8966
FR,France,13387
GB,United Kingdom,13387
US,United States of America,15026
GB,United Kingdom,14447
US,United States of America,28148
ES,Spain,8881
FR,France,8881
US,United States of America,8881
ES,Spain,8880
FR,France,8880
US,United States of America,8880
US,United States of America,11127
ZA,South Africa,11127
DE,Germany,11127
HK,Hong Kong,9050
US,United States of America,36573
IT,Italy,36573
HR,Croatia,36573
US,United States of America,14306
US,United States of America,31047
US,United States of America,25528
US,United States of America,13690
HK,Hong Kong,14756
GB,United Kingdom,35945
US,United States of America,26235
CA,Canada,13635
FR,France,13635
IT,Italy,13635
US,United States of America,12437
JP,Japan,15227
US,United States of America,14560
US,United States of America,1977
US,United States of America,15060
JP,Japan,14711
US,United States of America,14711
CA,Canada,15268
IN,India,15268
JP,Japan,15268
US,United States of America,15268
US,United States of America,13207
US,United States of America,15159
US,United States of America,18781
TH,Thailand,16353
DK,Denmark,15472
DE,Germany,15472
SE,Sweden,15472
US,United States of America,30155
US,United States of America,16258
US,United States of America,9841
US,United States of America,13804
IR,Iran,45882
CH,Switzerland,45882
TN,Tunisia,45882
HU,Hungary,45882
FR,France,45882
DE,Germany,45882
UA,Ukraine,45882
US,United States of America,15092
US,United States of America,2080
DE,Germany,13475
US,United States of America,13475
IT,Italy,11160
CN,China,15384
US,United States of America,17124
US,United States of America,17532
IT,Italy,13448
US,United States of America,13448
DE,Germany,534
IT,Italy,534
GB,United Kingdom,534
US,United States of America,534
US,United States of America,18360
CA,Canada,18360
PL,Poland,8211
JP,Japan,21832
FR,France,15588
US,United States of America,28677
DE,Germany,18785
US,United States of America,18785
CA,Canada,34300
US,United States of America,34300
NO,Norway,14451
NL,Netherlands,18061
US,United States of America,18061
ZA,South Africa,18061
GB,United Kingdom,27085
US,United States of America,27085
PL,Poland,75015
US,United States of America,8373
US,United States of America,8355
NO,Norway,18901
US,United States of America,14728
GB,United Kingdom,767
US,United States of America,767
FR,France,10353
DE,Germany,9592
US,United States of America,23964
GB,United Kingdom,53868
US,United States of America,53868
US,United States of America,21407
CZ,Czech Republic,14869
US,United States of America,14869
US,United States of America,17134
US,United States of America,50719
JP,Japan,15137
JP,Japan,37047
US,United States of America,92011
US,United States of America,18759
US,United States of America,15641
US,United States of America,35203
US,United States of America,24150
GB,United Kingdom,5060
US,United States of America,15809
ES,Spain,18120
US,United States of America,17618
US,United States of America,19912
US,United States of America,22794
RO,Romania,17455
US,United States of America,17455
RO,Romania,12699
US,United States of America,12699
US,United States of America,23827
JP,Japan,44685
DE,Germany,71041
AU,Australia,22804
CA,Canada,22804
GB,United Kingdom,22804
US,United States of America,22804
US,United States of America,22821
DE,Germany,70555
US,United States of America,105077
US,United States of America,18239
ES,Spain,1284
JP,Japan,25716
US,United States of America,37190
US,United States of America,19995
GB,United Kingdom,19995
DE,Germany,10528
GB,United Kingdom,10528
US,United States of America,10528
CA,Canada,13988
US,United States of America,23398
US,United States of America,26123
SE,Sweden,33613
US,United States of America,26961
US,United States of America,81895
US,United States of America,25602
BE,Belgium,2395
FR,France,2395
DE,Germany,2395
IT,Italy,2395
ES,Spain,2395
US,United States of America,13382
US,United States of America,15255
DK,Denmark,13522
FI,Finland,13522
DE,Germany,13522
NO,Norway,13522
SE,Sweden,13522
GB,United Kingdom,13522
US,United States of America,33395
JP,Japan,42137
DE,Germany,24253
SE,Sweden,24253
DK,Denmark,24253
CA,Canada,32657
US,United States of America,32657
CA,Canada,27561
FR,France,15357
CA,Canada,23023
US,United States of America,23023
ES,Spain,10664
US,United States of America,28739
US,United States of America,12155
US,United States of America,20618
US,United States of America,16763
CA,Canada,16763
JP,Japan,59719
CA,Canada,29426
US,United States of America,29426
US,United States of America,31723
US,United States of America,5753
IT,Italy,32688
US,United States of America,42342
US,United States of America,23048
US,United States of America,10191
US,United States of America,22582
US,United States of America,28510
US,United States of America,33421
AT,Austria,21467
JP,Japan,109572
AT,Austria,10469
US,United States of America,18823
GB,United Kingdom,23483
US,United States of America,23483
NO,Norway,16686
NO,Norway,15973
GB,United Kingdom,33217
US,United States of America,33217
FR,France,17960
IT,Italy,17960
BE,Belgium,17960
JP,Japan,17960
NL,Netherlands,37169
GB,United Kingdom,37169
US,United States of America,10138
FR,France,4180
JP,Japan,125271
US,United States of America,23437
US,United States of America,37786
FR,France,10241
RU,Russia,38318
GB,United Kingdom,13058
GB,United Kingdom,34480
US,United States of America,10193
US,United States of America,10192
US,United States of America,24021
US,United States of America,39129
US,United States of America,34851
US,United States of America,20352
US,United States of America,38365
US,United States of America,16304
US,United States of America,35019
GB,United Kingdom,35019
FR,France,35019
BE,Belgium,31203
FR,France,31203
HK,Hong Kong,37472
CN,China,37472
US,United States of America,45322
US,United States of America,28426
US,United States of America,27578
US,United States of America,43593
US,United States of America,16346
US,United States of America,42194
JP,Japan,42194
CN,China,42194
JP,Japan,28609
US,United States of America,38358
FR,France,38358
US,United States of America,14158
US,United States of America,23631
US,United States of America,41233
US,United States of America,206145
US,United States of America,40264
DE,Germany,28938
DE,Germany,35791
US,United States of America,35791
FR,France,35791
CA,Canada,35791
US,United States of America,45162
US,United States of America,33909
US,United States of America,39691
AU,Australia,39691
JP,Japan,41486
JP,Japan,41482
US,United States of America,59581
GB,United Kingdom,43933
ZA,South Africa,46812
US,United States of America,46812
US,United States of America,16290
RO,Romania,16290
US,United States of America,39312
US,United States of America,42941
US,United States of America,39514
DK,Denmark,11389
FR,France,4729
US,United States of America,41436
US,United States of America,38234
DK,Denmark,11391
CA,Canada,41439
US,United States of America,41439
US,United States of America,48466
GB,United Kingdom,12444
US,United States of America,12444
US,United States of America,38757
US,United States of America,26769
US,United States of America,10140
FI,Finland,48395
FR,France,48395
NO,Norway,48395
SE,Sweden,48395
US,United States of America,43919
US,United States of America,20526
HK,Hong Kong,54178
US,United States of America,15740
US,United States of America,39451
US,United States of America,1361
US,United States of America,54430
TH,Thailand,43209
JP,Japan,45284
JP,Japan,22843
US,United States of America,43947
FR,France,60213
US,United States of America,12536
US,United States of America,46441
US,United States of America,27582
FR,France,60290
JP,Japan,9706
CA,Canada,22620
US,United States of America,22620
US,United States of America,47533
BR,Brazil,47931
CA,Canada,15362
FR,France,15362
DE,Germany,11406
JP,Japan,16140
US,United States of America,49018
CA,Canada,49018
JP,Japan,20329
US,United States of America,60307
NL,Netherlands,10408
TR,Turkey,83651
TR,Turkey,31408
TR,Turkey,31402
NL,Netherlands,46523
DK,Denmark,29920
SE,Sweden,29920
DE,Germany,29920
US,United States of America,41446
US,United States of America,46195
US,United States of America,10195
US,United States of America,56780
IT,Italy,48415
US,United States of America,42709
DE,Germany,9511
US,United States of America,51497
HK,Hong Kong,32654
JP,Japan,1679
US,United States of America,1865
US,United States of America,45243
JP,Japan,3107
US,United States of America,51170
BE,Belgium,51170
US,United States of America,76171
US,United States of America,49444
US,United States of America,49538
HK,Hong Kong,50507
JP,Japan,15766
US,United States of America,56272
US,United States of America,38356
US,United States of America,61546
US,United States of America,51540
US,United States of America,49013
SE,Sweden,45690
US,United States of America,71982
GB,United Kingdom,12445
US,United States of America,12445
US,United States of America,1771
US,United States of America,59115
US,United States of America,59566
US,United States of America,54540
HK,Hong Kong,28039
US,United States of America,13931
US,United States of America,41513
US,United States of America,51765
US,United States of America,12819
IN,India,12819
ZA,South Africa,51620
DE,Germany,51620
GB,United Kingdom,63943
US,United States of America,61791
JP,Japan,56832
US,United States of America,55779
US,United States of America,55465
US,United States of America,38774
US,United States of America,29484
US,United States of America,56288
GB,United Kingdom,58151
US,United States of America,58151
NO,Norway,21786
US,United States of America,52015
US,United States of America,20441
US,United States of America,40016
GB,United Kingdom,73358
GB,United Kingdom,69798
US,United States of America,72914
AU,Australia,72914
FR,France,36236
IT,Italy,36236
US,United States of America,24428
US,United States of America,60935
CA,Canada,60935
DE,Germany,75969
US,United States of America,10005
US,United States of America,72571
GB,United Kingdom,58233
HK,Hong Kong,58233
CN,China,58233
IT,Italy,56122
DE,Germany,94336
US,United States of America,64328
US,United States of America,50619
CA,Canada,15157
US,United States of America,15157
JP,Japan,74135
GB,United Kingdom,28118
FR,France,11625
DE,Germany,11625
DE,Germany,9369
FR,France,9369
DK,Denmark,9642
FR,France,9642
AU,Australia,65759
US,United States of America,76163
GB,United Kingdom,13396
US,United States of America,46020
US,United States of America,70160
US,United States of America,49026
US,United States of America,49040
US,United States of America,58574
ZA,South Africa,30245
CZ,Czech Republic,56292
US,United States of America,56292
AE,United Arab Emirates,56292
US,United States of America,55301
CA,Canada,24833
US,United States of America,24833
US,United States of America,74523
US,United States of America,62837
US,United States of America,52520
GB,United Kingdom,74997
NL,Netherlands,74997
US,United States of America,71670
RU,Russia,57809
RU,Russia,85317
CA,Canada,50698
US,United States of America,50698
HK,Hong Kong,48492
CN,China,48492
CA,Canada,65086
SE,Sweden,65086
GB,United Kingdom,65086
US,United States of America,72545
DE,Germany,53174
GB,United Kingdom,74471
AE,United Arab Emirates,71676
US,United States of America,71676
DE,Germany,71672
US,United States of America,71672
US,United States of America,18705
CA,Canada,38674
US,United States of America,64688
PL,Poland,79221
ES,Spain,57165
US,United States of America,57165
US,United States of America,26881
US,United States of America,71552
ID,Indonesia,94329
US,United States of America,94329
FR,France,94329
ES,Spain,36228
IN,India,85052
AE,United Arab Emirates,74534
GB,United Kingdom,74534
US,United States of America,74534
US,United States of America,86416
US,United States of America,67660
ES,Spain,61979
BE,Belgium,14400
FR,France,14400
US,United States of America,41154
US,United States of America,58595
US,United States of America,27646
GB,United Kingdom,70981
US,United States of America,70981
US,United States of America,111440
US,United States of America,80321
JP,Japan,39144
JP,Japan,39145
US,United States of America,22855
JP,Japan,116776
JP,Japan,39100
CA,Canada,13313
US,United States of America,13313
JP,Japan,39101
US,United States of America,13761
US,United States of America,72105
US,United States of America,77930
JP,Japan,39103
JP,Japan,24752
JP,Japan,39104
JP,Japan,34433
US,United States of America,1930
JP,Japan,39105
US,United States of America,23823
US,United States of America,57800
US,United States of America,25913
US,United States of America,59706
FR,France,84165
DE,Germany,84165
BE,Belgium,84165
JP,Japan,44251
JP,Japan,39106
JP,Japan,39107
US,United States of America,14863
RO,Romania,14863
IT,Italy,56909
JP,Japan,39108
JP,Japan,39323
FR,France,16130
DE,Germany,80410
CA,Canada,80410
JP,Japan,39324
US,United States of America,13676
GB,United Kingdom,37724
US,United States of America,37724
US,United States of America,82650
JP,Japan,14128
US,United States of America,14128
US,United States of America,71668
US,United States of America,83660
US,United States of America,114150
FR,France,26505
AR,Argentina,15895
US,United States of America,15895
AR,Argentina,28218
US,United States of America,28218
CA,Canada,71679
FR,France,71679
DE,Germany,71679
US,United States of America,71679
US,United States of America,55723
US,United States of America,84348
FR,France,82675
JP,Japan,17165
US,United States of America,10089
US,United States of America,82507
US,United States of America,76492
US,United States of America,33390
US,United States of America,33391
US,United States of America,134371
IT,Italy,40075
CA,Canada,72391
US,United States of America,72391
US,United States of America,57089
ES,Spain,80280
IN,India,117691
FR,France,99770
HU,Hungary,99770
IT,Italy,99770
ES,Spain,99770
US,United States of America,82990
US,United States of America,94348
FR,France,61012
CA,Canada,61012
US,United States of America,82690
HK,Hong Kong,97430
US,United States of America,97430
US,United States of America,65851
US,United States of America,12594
US,United States of America,123025
US,United States of America,50620
US,United States of America,85446
US,United States of America,70584
FR,France,13679
US,United States of America,94380
CA,Canada,125504
US,United States of America,125504
FR,France,93289
HK,Hong Kong,25539
HK,Hong Kong,10044
HK,Hong Kong,18707
HK,Hong Kong,10275
HK,Hong Kong,37030
HK,Hong Kong,37032
CN,China,37032
NZ,New Zealand,49051
US,United States of America,49051
US,United States of America,10620
HK,Hong Kong,10620
IL,Israel,117629
FR,France,19099
US,United States of America,75780
US,United States of America,94352
CA,Canada,139455
US,United States of America,139455
US,United States of America,95511
US,United States of America,44244
GB,United Kingdom,41592
US,United States of America,134597
JP,Japan,127533
GB,United Kingdom,33303
GB,United Kingdom,34905
ES,Spain,31022
US,United States of America,76617
US,United States of America,139038
US,United States of America,142061
JP,Japan,115223
JP,Japan,88557
US,United States of America,31046
CA,Canada,30347
US,United States of America,30347
US,United States of America,26114
US,United States of America,43263
US,United States of America,59238
US,United States of America,110148
GB,United Kingdom,100183
US,United States of America,97353
US,United States of America,24925
US,United States of America,156717
FR,France,44450
IT,Italy,44450
DE,Germany,44450
JP,Japan,19336
GB,United Kingdom,33301
GB,United Kingdom,50076
US,United States of America,150202
JP,Japan,13648
JP,Japan,133121
HK,Hong Kong,98567
GB,United Kingdom,53031
US,United States of America,47964
SE,Sweden,56991
US,United States of America,122857
GR,Greece,132344
US,United States of America,132344
JP,Japan,114478
US,United States of America,114478
CN,China,170657
US,United States of America,28090
US,United States of America,146203
US,United States of America,72559
US,United States of America,9834
US,United States of America,26883
US,United States of America,31131
US,United States of America,117263
IN,India,17501
CA,Canada,18843
US,United States of America,18843
JP,Japan,127544
IN,India,25516
US,United States of America,4258
US,United States of America,80384
US,United States of America,76589
CN,China,68721
US,United States of America,68721
US,United States of America,38453
US,United States of America,32100
JP,Japan,26693
JP,Japan,36917
US,United States of America,54138
JP,Japan,42601
AT,Austria,458
DE,Germany,458
US,United States of America,109439
US,United States of America,82992
US,United States of America,197467
US,United States of America,75656
FR,France,75656
GB,United Kingdom,49521
US,United States of America,49521
FR,France,158015
US,United States of America,158015
JP,Japan,52034
US,United States of America,105965
US,United States of America,62211
US,United States of America,68726
CA,Canada,68726
US,United States of America,177271
US,United States of America,41586
US,United States of America,59584
US,United States of America,93456
US,United States of America,44909
US,United States of America,30654
US,United States of America,24935
US,United States of America,159117
CA,Canada,159117
ID,Indonesia,159117
US,United States of America,24939
CA,Canada,45875
US,United States of America,205321
SE,Sweden,24646
US,United States of America,183011
US,United States of America,138843
GB,United Kingdom,76170
US,United States of America,76170
CA,Canada,146216
FR,France,146216
US,United States of America,146216
US,United States of America,19593
US,United States of America,76285
US,United States of America,77931
US,United States of America,201676
JP,Japan,30143
AU,Australia,147276
US,United States of America,21683
US,United States of America,109418
US,United States of America,59859
GB,United Kingdom,59859
US,United States of America,87421
US,United States of America,151960
JP,Japan,54266
US,United States of America,59589
NO,Norway,15440
NO,Norway,56937
US,United States of America,54768
US,United States of America,27651
BG,Bulgaria,207768
US,United States of America,207768
US,United States of America,91586
US,United States of America,109451
US,United States of America,51985
CA,Canada,119893
US,United States of America,106747
FR,France,18167
GB,United Kingdom,18167
US,United States of America,18167
JP,Japan,39468
JP,Japan,39264
DE,Germany,29941
GB,United Kingdom,29941
JP,Japan,39466
US,United States of America,208134
IN,India,19658
US,United States of America,76338
JP,Japan,39469
JP,Japan,12636
JP,Japan,41498
JP,Japan,176983
US,United States of America,101299
NZ,New Zealand,57158
US,United States of America,57158
IN,India,204435
US,United States of America,109445
JP,Japan,21930
JP,Japan,16692
JP,Japan,16693
CA,Canada,134366
US,United States of America,134366
JP,Japan,75629
US,United States of America,214597
JP,Japan,22899
US,United States of America,16985
JP,Japan,18510
JP,Japan,18511
JP,Japan,54283
JP,Japan,18624
JP,Japan,40897
JP,Japan,54265
JP,Japan,54272
JP,Japan,54274
JP,Japan,54273
JP,Japan,20986
JP,Japan,23452
AU,Australia,18269
US,United States of America,18269
DE,Germany,209232
JP,Japan,21410
JP,Japan,54276
US,United States of America,109443
TH,Thailand,180894
US,United States of America,180894
SE,Sweden,74626
IT,Italy,11039
DE,Germany,233063
JP,Japan,54277
US,United States of America,195269
US,United States of America,227348
US,United States of America,13632
JP,Japan,126963
JP,Japan,39102
FR,France,206408
JP,Japan,39148
US,United States of America,38189
US,United States of America,168530
RU,Russia,137094
US,United States of America,137094
US,United States of America,157350
US,United States of America,217993
JP,Japan,34131
DE,Germany,92647
SE,Sweden,92647
US,United States of America,236399
CA,Canada,236399
FR,France,21435
US,United States of America,177888
JP,Japan,54278
JP,Japan,54279
JP,Japan,26947
US,United States of America,14028
US,United States of America,137106
CA,Canada,97020
US,United States of America,97020
DK,Denmark,249397
BE,Belgium,249397
DE,Germany,249397
GB,United Kingdom,249397
FR,France,249397
SE,Sweden,118513
US,United States of America,20756
IN,India,41109
DE,Germany,41109
FI,Finland,141614
JP,Japan,60160
US,United States of America,21474
US,United States of America,19325
US,United States of America,24756
US,United States of America,22259
US,United States of America,53182
SE,Sweden,196024
DK,Denmark,196024
DE,Germany,196024
ZA,South Africa,58767
JP,Japan,192577
US,United States of America,100402
CA,Canada,12685
DE,Germany,12685
US,United States of America,12685
CA,Canada,17456
DE,Germany,17456
FR,France,31329
FR,France,125395
US,United States of America,145220
GB,United Kingdom,38626
HU,Hungary,38626
ID,Indonesia,180299
US,United States of America,102382
US,United States of America,251519
US,United States of America,172385
US,United States of America,167575
US,United States of America,184345
HK,Hong Kong,12242
JP,Japan,12242
KZ,Kazakhstan,12242
MY,Malaysia,12242
RU,Russia,12242
SG,Singapore,12242
KR,South Korea,12242
TW,Taiwan,12242
US,United States of America,12242
US,United States of America,195589
US,United States of America,227425
US,United States of America,258096
US,United States of America,16931
JP,Japan,54281
GB,United Kingdom,127585
US,United States of America,127585
JP,Japan,54280
JP,Japan,54284
JP,Japan,54306
JP,Japan,54307
GB,United Kingdom,260202
GB,United Kingdom,260339
CN,China,177677
US,United States of America,177677
US,United States of America,255268
US,United States of America,128841
GB,United Kingdom,128841
US,United States of America,82881
US,United States of America,187017
US,United States of America,82702
HK,Hong Kong,26480
GB,United Kingdom,26480
US,United States of America,133558
US,United States of America,184098
US,United States of America,91314
US,United States of America,218836
US,United States of America,119450
JP,Japan,259233
FR,France,238636
US,United States of America,238636
GB,United Kingdom,118340
US,United States of America,118340
FR,France,138103
US,United States of America,138103
FR,France,57331
BE,Belgium,57331
DE,Germany,57331
US,United States of America,243683
US,United States of America,284711
US,United States of America,98566
US,United States of America,59701
DK,Denmark,198436
DK,Denmark,314285
JP,Japan,269650
US,United States of America,269650
GB,United Kingdom,22937
US,United States of America,292893
AU,Australia,242022
GB,United Kingdom,242022
US,United States of America,22555
US,United States of America,189
US,United States of America,199933
JP,Japan,287590
GB,United Kingdom,32109
US,United States of America,198663
US,United States of America,248504
CA,Canada,257451
US,United States of America,157424
US,United States of America,250546
US,United States of America,38455
US,United States of America,33386
ES,Spain,1285
US,United States of America,25148
US,United States of America,28044
US,United States of America,38084
US,United States of America,273641
CA,Canada,245891
CN,China,245891
US,United States of America,245891
US,United States of America,157829
FR,France,256
US,United States of America,33387
US,United States of America,28302
US,United States of America,33393
US,United States of America,38454
DK,Denmark,36323
US,United States of America,267333
US,United States of America,267336
GB,United Kingdom,39262
JP,Japan,242512
US,United States of America,242512
DK,Denmark,46314
US,United States of America,54445
CN,China,217923
HK,Hong Kong,217923
US,United States of America,22599
US,United States of America,413669
US,United States of America,33708
HK,Hong Kong,41244
US,United States of America,27310
US,United States of America,151933
ZA,South Africa,260063
US,United States of America,19164
US,United States of America,19165
US,United States of America,171581
US,United States of America,25754
US,United States of America,25752
US,United States of America,25751
US,United States of America,70575
CA,Canada,25753
US,United States of America,51649
AU,Australia,199534
IN,India,75258
US,United States of America,75258
IN,India,25475
US,United States of America,25475
US,United States of America,290729
US,United States of America,25391
NL,Netherlands,79723
US,United States of America,28668
NO,Norway,241842
JP,Japan,40644
SE,Sweden,82450
TW,Taiwan,98344
GB,United Kingdom,291155
US,United States of America,291155
AU,Australia,291155
FR,France,262551
GB,United Kingdom,38125
GB,United Kingdom,30972
US,United States of America,131631
DE,Germany,9742
US,United States of America,100042
CN,China,17808
HK,Hong Kong,17808
SG,Singapore,17808
US,United States of America,227735
JP,Japan,36683
TH,Thailand,36683
CN,China,18232
US,United States of America,267806
JP,Japan,241868
CN,China,119892
FR,France,66129
US,United States of America,81244
US,United States of America,50291
US,United States of America,135397
FR,France,170522
US,United States of America,170522
IT,Italy,41608
US,United States of America,227159
US,United States of America,19273
US,United States of America,10473
CN,China,66018
HK,Hong Kong,66018
US,United States of America,270946
US,United States of America,294254
US,United States of America,134375
CA,Canada,134375
TH,Thailand,110552
CA,Canada,17792
US,United States of America,17792
US,United States of America,74018
US,United States of America,15261
US,United States of America,285423
US,United States of America,289728
NZ,New Zealand,122917
US,United States of America,122917
FR,France,18450
IT,Italy,18450
JP,Japan,118751
IT,Italy,61925
IT,Italy,52914
IT,Italy,50758
IT,Italy,52913
IT,Italy,52238
IT,Italy,62715
IT,Italy,46001
IT,Italy,52113
GB,United Kingdom,207703
US,United States of America,207703
GB,United Kingdom,181533
US,United States of America,181533
FR,France,277368
GB,United Kingdom,32113
GB,United Kingdom,21240
US,United States of America,18948
US,United States of America,70984
US,United States of America,31609
FR,France,260346
US,United States of America,260346
US,United States of America,87101
GB,United Kingdom,288158
US,United States of America,288158
CA,Canada,288158
SE,Sweden,24023
SE,Sweden,24026
US,United States of America,267872
AF,Afghanistan,267872
IT,Italy,267872
US,United States of America,38187
US,United States of America,30091
US,United States of America,38183
US,United States of America,38190
US,United States of America,51939
US,United States of America,38185
US,United States of America,132601
KR,South Korea,132601
US,United States of America,14749
CA,Canada,14749
FR,France,65703
US,United States of America,13654
US,United States of America,19824
US,United States of America,101660
GB,United Kingdom,13360
LT,Lithuania,13360
US,United States of America,13360
US,United States of America,85373
US,United States of America,125509
US,United States of America,19066
CA,Canada,28635
US,United States of America,28635
US,United States of America,19288
US,United States of America,37526
DE,Germany,3483
ES,Spain,3483
GB,United Kingdom,3483
US,United States of America,3483
GB,United Kingdom,19254
GB,United Kingdom,19300
GB,United Kingdom,26190
US,United States of America,38157
CA,Canada,38157
IT,Italy,48193
US,United States of America,30178
US,United States of America,50687
US,United States of America,149957
US,United States of America,133716
US,United States of America,220504
US,United States of America,55872
US,United States of America,14059
DE,Germany,3686
HR,Croatia,3686
IT,Italy,3686
FR,France,3686
US,United States of America,84575
US,United States of America,24102
DE,Germany,7085
HR,Croatia,7085
IT,Italy,7085
US,United States of America,49597
US,United States of America,25556
US,United States of America,15066
CA,Canada,113210
US,United States of America,113210
US,United States of America,25587
US,United States of America,24554
US,United States of America,259074
GB,United Kingdom,36421
CA,Canada,21518
US,United States of America,9973
CA,Canada,48844
US,United States of America,70587
CA,Canada,70587
CA,Canada,78047
US,United States of America,78047
US,United States of America,142308
US,United States of America,149910
US,United States of America,26042
CA,Canada,113215
US,United States of America,113215
CA,Canada,113209
US,United States of America,113209
GB,United Kingdom,39044
US,United States of America,45662
ES,Spain,59117
ES,Spain,254869
ES,Spain,109689
AU,Australia,76341
US,United States of America,76341
CA,Canada,280092
US,United States of America,280092
US,United States of America,140607
US,United States of America,99861
US,United States of America,76600
US,United States of America,166426
US,United States of America,102899
US,United States of America,293660
AU,Australia,284053
US,United States of America,283995
US,United States of America,271110
US,United States of America,246655
US,United States of America,214264
HK,Hong Kong,2648
US,United States of America,41235
US,United States of America,31933
BG,Bulgaria,252360
CA,Canada,252360
US,United States of America,15759
US,United States of America,193603
US,United States of America,87881
US,United States of America,90460
US,United States of America,90461
US,United States of America,90465
US,United States of America,48132
RU,Russia,164372
US,United States of America,39961
IT,Italy,45099
US,United States of America,297556
DE,Germany,26497
FR,France,61852
CA,Canada,113219
US,United States of America,113219
US,United States of America,188357
IT,Italy,188357
US,United States of America,72455
CA,Canada,14053
GB,United Kingdom,309049
ES,Spain,48635
US,United States of America,216015
US,United States of America,27850
US,United States of America,34560
FR,France,13734
US,United States of America,82237
ES,Spain,89247
JP,Japan,121828
US,United States of America,9948
FR,France,199661
US,United States of America,43716
FR,France,1871
IT,Italy,1871
FR,France,1870
IT,Italy,1870
FR,France,1875
IT,Italy,1875
US,United States of America,50401
DE,Germany,3485
ES,Spain,3485
GB,United Kingdom,3485
IT,Italy,3485
LI,Liechtenstein,3485
ES,Spain,185341
US,United States of America,278468
CA,Canada,25164
CA,Canada,44191
GB,United Kingdom,104413
US,United States of America,104413
US,United States of America,24476
US,United States of America,24477
US,United States of America,13955
US,United States of America,295887
CA,Canada,78080
US,United States of America,78080
IT,Italy,69569
HU,Hungary,22974
DE,Germany,81684
GB,United Kingdom,81684
SE,Sweden,19181
SE,Sweden,17172
DK,Denmark,37727
SE,Sweden,37727
DK,Denmark,22192
SE,Sweden,22192
SE,Sweden,37728
SE,Sweden,23654
SE,Sweden,37731
PL,Poland,37731
SE,Sweden,37730
US,United States of America,300803
IN,India,303457
TR,Turkey,31534
CA,Canada,7392
US,United States of America,11425
US,United States of America,52868
JP,Japan,70322
US,United States of America,15567
US,United States of America,243938
CH,Switzerland,28656
DE,Germany,28656
US,United States of America,28656
US,United States of America,25745
US,United States of America,221791
US,United States of America,228165
US,United States of America,17041
JP,Japan,85349
GB,United Kingdom,268238
US,United States of America,268238
GB,United Kingdom,28801
MA,Morocco,31292
SE,Sweden,31292
RU,Russia,132759
JP,Japan,196750
US,United States of America,322456
DE,Germany,78124
US,United States of America,287233
JP,Japan,73530
JP,Japan,265712
US,United States of America,294690
US,United States of America,326359
GB,United Kingdom,5065
JP,Japan,31347
DE,Germany,175774
US,United States of America,262500
FR,France,39385
JP,Japan,118412
JP,Japan,113082
JP,Japan,144288
US,United States of America,275060
US,United States of America,276401
JP,Japan,168259
US,United States of America,168259
JP,Japan,23155
US,United States of America,26340
IL,Israel,10580
US,United States of America,267793
CA,Canada,80527
US,United States of America,80527
DE,Germany,1269
US,United States of America,16119
DE,Germany,204712
FR,France,50166
DE,Germany,1615
DE,Germany,1616
NL,Netherlands,11084
US,United States of America,24696
DE,Germany,9497
DE,Germany,9514
DE,Germany,9496
DE,Germany,10036
DE,Germany,9572
US,United States of America,293771
RU,Russia,35428
UA,Ukraine,35428
DE,Germany,9478
DE,Germany,10470
US,United States of America,10010
TH,Thailand,221732
JP,Japan,221732
JP,Japan,221731
US,United States of America,321528
DE,Germany,9803
US,United States of America,58242
US,United States of America,256961
DE,Germany,274415
GB,United Kingdom,214464
JP,Japan,14572
KR,South Korea,290865
DE,Germany,12697
CA,Canada,329540
DE,Germany,290043
JP,Japan,73529
US,United States of America,297270
US,United States of America,175112
JP,Japan,36897
US,United States of America,327418
US,United States of America,321494
FR,France,39412
FR,France,40978
FR,France,146047
FR,France,61108
IT,Italy,40348
ES,Spain,40348
IT,Italy,39965
IT,Italy,28682
IT,Italy,28324
IT,Italy,28325
FR,France,28574
IT,Italy,28574
BG,Bulgaria,259072
US,United States of America,259072
US,United States of America,34134
CA,Canada,91342
ID,Indonesia,249070
DE,Germany,249070
US,United States of America,249070
IN,India,44683
US,United States of America,44683
US,United States of America,314407
US,United States of America,254470
IT,Italy,101652
GB,United Kingdom,145221
CA,Canada,28746
US,United States of America,94365
GB,United Kingdom,5061
US,United States of America,294544
RU,Russia,25936
RU,Russia,20963
IN,India,14394
IN,India,20968
IN,India,13179
US,United States of America,13179
IT,Italy,43646
IT,Italy,43648
IT,Italy,43649
IT,Italy,161545
DE,Germany,9288
GB,United Kingdom,9288
US,United States of America,9288
CN,China,219572
HK,Hong Kong,219572
FR,France,58404
DE,Germany,58404
IT,Italy,58404
IT,Italy,55960
DE,Germany,131634
US,United States of America,131634
US,United States of America,272878
US,United States of America,283489
US,United States of America,262504
GB,United Kingdom,259316
US,United States of America,259316
US,United States of America,38700
US,United States of America,28601
IT,Italy,63178
IT,Italy,51912
FR,France,51912
IT,Italy,56920
IT,Italy,58701
FR,France,11048
IT,Italy,11048
HK,Hong Kong,11053
IT,Italy,11053
DE,Germany,11055
IT,Italy,11055
JP,Japan,18839
US,United States of America,321068
US,United States of America,47933
US,United States of America,188927
IN,India,19951
SE,Sweden,196032
US,United States of America,338100
GB,United Kingdom,5064
IN,India,19670
JP,Japan,38594
US,United States of America,70006
US,United States of America,214756
KR,South Korea,16318
US,United States of America,211672
US,United States of America,19792
US,United States of America,10578
CA,Canada,27847
US,United States of America,14503
US,United States of America,14212
US,United States of America,15338
CA,Canada,10704
US,United States of America,15262
US,United States of America,36692
GB,United Kingdom,206647
US,United States of America,206647
JP,Japan,17922
RO,Romania,10579
US,United States of America,10579
US,United States of America,64325
US,United States of America,75623
US,United States of America,14913
US,United States of America,138372
US,United States of America,331446
JP,Japan,14092
US,United States of America,14092
DK,Denmark,23289
US,United States of America,26809
US,United States of America,60293
JP,Japan,36218
US,United States of America,36218
IT,Italy,5086
US,United States of America,182873
JP,Japan,227679
JP,Japan,39057
US,United States of America,39057
JP,Japan,25961
US,United States of America,25961
JP,Japan,34067
US,United States of America,228358
US,United States of America,309887
TH,Thailand,33723
HK,Hong Kong,33723
US,United States of America,209112
US,United States of America,286548
JP,Japan,118406
RU,Russia,24686
UA,Ukraine,24686
US,United States of America,24686
US,United States of America,343977
US,United States of America,72972
US,United States of America,14787
US,United States of America,42246
US,United States of America,43956
US,United States of America,199753
US,United States of America,39408
US,United States of America,115290
US,United States of America,264999
JP,Japan,65973
US,United States of America,303857
JP,Japan,303857
IT,Italy,85038
IT,Italy,22182
IT,Italy,56339
US,United States of America,335970
JP,Japan,120475
JP,Japan,60843
US,United States of America,3602
JP,Japan,62931
US,United States of America,62931
GB,United Kingdom,19725
JP,Japan,14021
JP,Japan,55470
IN,India,256040
JP,Japan,16808
US,United States of America,294562
US,United States of America,344147
JP,Japan,212168
JP,Japan,240341
JP,Japan,279254
IT,Italy,49321
IT,Italy,37770
IT,Italy,26285
IT,Italy,24161
US,United States of America,342917
US,United States of America,192911
US,United States of America,15657
JP,Japan,47292
JP,Japan,39229
JP,Japan,39230
US,United States of America,25423
CA,Canada,25423
US,United States of America,7092
US,United States of America,278604
US,United States of America,105073
US,United States of America,283445
CN,China,124471
CN,China,257932
FR,France,257932
US,United States of America,257932
US,United States of America,23903
BG,Bulgaria,135858
US,United States of America,135858
JP,Japan,152042
JP,Japan,295830
US,United States of America,30575
JP,Japan,37100
JP,Japan,28460
BE,Belgium,52761
FR,France,52761
FR,France,42949
US,United States of America,33787
US,United States of America,58625
US,United States of America,12448
RU,Russia,20947
US,United States of America,347096
US,United States of America,26847
CA,Canada,26847
DE,Germany,26847
IT,Italy,60061
JP,Japan,17433
GB,United Kingdom,356216
JP,Japan,150213
JP,Japan,50087
JP,Japan,303903
JP,Japan,350499
CA,Canada,42673
US,United States of America,42673
BE,Belgium,287948
CN,China,287948
FR,France,287948
FR,France,86868
FR,France,31359
CN,China,264264
CA,Canada,51836
US,United States of America,51836
US,United States of America,46169
FR,France,319341
US,United States of America,351901
JP,Japan,340382
JP,Japan,212162
JP,Japan,152044
DE,Germany,329263
US,United States of America,43551
NO,Norway,55612
JP,Japan,182131
DE,Germany,10645
DE,Germany,459
AT,Austria,459
AT,Austria,457
US,United States of America,40487
PH,Philippines,38237
AT,Austria,277967
US,United States of America,159824
US,United States of America,204582
US,United States of America,339530
US,United States of America,297762
ES,Spain,80105
SE,Sweden,93230
GB,United Kingdom,32105
DE,Germany,170759
IT,Italy,56287
US,United States of America,353595
US,United States of America,44848
US,United States of America,20381
KR,South Korea,38015
TH,Thailand,39111
JP,Japan,253451
RU,Russia,56549
HK,Hong Kong,137409
JP,Japan,162006
DE,Germany,233639
US,United States of America,146301
RU,Russia,292014
DE,Germany,2734
IT,Italy,2734
US,United States of America,2734
US,United States of America,47354
US,United States of America,13721
US,United States of America,34942
SE,Sweden,135659
DK,Denmark,254201
CN,China,335462
FR,France,45233
IT,Italy,45233
KR,South Korea,64931
BE,Belgium,36693
RU,Russia,41955
RU,Russia,63536
RU,Russia,41979
US,United States of America,312221
FR,France,4728
FR,France,11913
IT,Italy,11913
FR,France,4727
FR,France,10516
IT,Italy,75532
IT,Italy,71995
IT,Italy,62034
FR,France,10939
RU,Russia,63537
RU,Russia,63538
RU,Russia,65591
RU,Russia,65594
RU,Russia,59803
RU,Russia,253192
GB,United Kingdom,19493
RU,Russia,83456
US,United States of America,19543
RO,Romania,19543
CA,Canada,79722
US,United States of America,51411
HK,Hong Kong,48300
TR,Turkey,31061
TR,Turkey,32926
TR,Turkey,257343
US,United States of America,76084
SE,Sweden,24647
CA,Canada,292177
US,United States of America,292177
CA,Canada,349158
US,United States of America,349158
DE,Germany,213755
IT,Italy,213755
FR,France,331836
JP,Japan,23150
JP,Japan,23151
JP,Japan,23153
JP,Japan,23166
JP,Japan,23167
DE,Germany,15706
US,United States of America,15706
HK,Hong Kong,9048
JP,Japan,334376
US,United States of America,329833
SE,Sweden,24712
SE,Sweden,24713
SE,Sweden,267048
US,United States of America,89645
JP,Japan,282069
JP,Japan,282070
IT,Italy,58074
IT,Italy,56068
US,United States of America,26028
CN,China,140300
US,United States of America,140300
JP,Japan,154738
JP,Japan,347201
JP,Japan,317442
US,United States of America,98439
JP,Japan,140054
US,United States of America,89145
BE,Belgium,35639
FR,France,111480
IT,Italy,111480
JP,Japan,349176
DK,Denmark,72054
JP,Japan,79516
JP,Japan,13274
JP,Japan,16907
US,United States of America,193439
US,United States of America,47360
MX,Mexico,47360
US,United States of America,47363
FR,France,56589
US,United States of America,323675
US,United States of America,366924
US,United States of America,137533
RU,Russia,77294
JP,Japan,18874
US,United States of America,378385
CN,China,263341
BG,Bulgaria,267860
US,United States of America,267860
GB,United Kingdom,267860
US,United States of America,361263
GB,United Kingdom,24569
GB,United Kingdom,17276
GB,United Kingdom,24571
GB,United Kingdom,19297
GB,United Kingdom,19252
US,United States of America,24654
GB,United Kingdom,24570
GB,United Kingdom,19293
HK,Hong Kong,365222
FR,France,182219
HK,Hong Kong,127329
JP,Japan,41472
SE,Sweden,11946
IN,India,20294
IN,India,14546
IN,India,44978
IN,India,49028
IN,India,158519
US,United States of America,382517
DE,Germany,9084
US,United States of America,14962
CA,Canada,33371
DK,Denmark,19812
US,United States of America,193460
US,United States of America,186775
IN,India,361131
GB,United Kingdom,26329
US,United States of America,382581
GB,United Kingdom,216016
US,United States of America,186268
DE,Germany,63065
CA,Canada,302688
US,United States of America,302688
US,United States of America,33419
RU,Russia,376716
US,United States of America,182950
US,United States of America,357096
US,United States of America,193459
US,United States of America,185289
US,United States of America,184328
US,United States of America,185273
US,United States of America,187516
US,United States of America,156603
US,United States of America,180819
US,United States of America,252916
US,United States of America,115706
US,United States of America,192371
US,United States of America,116160
US,United States of America,107966
US,United States of America,174195
US,United States of America,116190
US,United States of America,70313
US,United States of America,144852
US,United States of America,193435
US,United States of America,178569
US,United States of America,177234
US,United States of America,230182
IN,India,109907
US,United States of America,290595
US,United States of America,325133
US,United States of America,29487
US,United States of America,29490
US,United States of America,29829
JP,Japan,23154
JP,Japan,212156
DE,Germany,1652
DE,Germany,9657
DE,Germany,9252
DE,Germany,9379
JP,Japan,60964
JP,Japan,47747
JP,Japan,89458
TR,Turkey,50025
US,United States of America,326423
US,United States of America,127380
IN,India,23767
IT,Italy,113332
JP,Japan,34194
US,United States of America,343972
JP,Japan,21769
JP,Japan,28697
JP,Japan,125521
JP,Japan,125510
JP,Japan,41365
JP,Japan,35105
JP,Japan,14829
JP,Japan,34935
JP,Japan,87636
JP,Japan,134053
JP,Japan,155017
JP,Japan,160399
JP,Japan,71449
JP,Japan,71444
GB,United Kingdom,31472
JP,Japan,30
JP,Japan,336026
GB,United Kingdom,5066
US,United States of America,383121
IN,India,116185
JP,Japan,35752
US,United States of America,258509
US,United States of America,300665
CN,China,295273
RS,Serbia,33604
IT,Italy,58007
DE,Germany,75897
GB,United Kingdom,241259
US,United States of America,241259
CA,Canada,122293
US,United States of America,122293
CA,Canada,291805
CN,China,291805
GB,United Kingdom,291805
US,United States of America,291805
US,United States of America,339526
DK,Denmark,11392
DK,Denmark,11390
IT,Italy,31264
CN,China,308531
US,United States of America,308531
HK,Hong Kong,308531
CA,Canada,259693
US,United States of America,259693
US,United States of America,391757
US,United States of America,43074
US,United States of America,370687
US,United States of America,400605
GB,United Kingdom,324668
US,United States of America,324668
CN,China,324668
FR,France,316727
US,United States of America,316727
US,United States of America,278154
US,United States of America,388191
KR,South Korea,328716
FR,France,369776
IT,Italy,12529
IT,Italy,33201
US,United States of America,58430
BR,Brazil,154441
GB,United Kingdom,18560
GB,United Kingdom,24057
IT,Italy,183073
ES,Spain,183073
SE,Sweden,48995
DE,Germany,48995
JP,Japan,390734
US,United States of America,390734
US,United States of America,54107
US,United States of America,390989
JP,Japan,21452
JP,Japan,28808
SE,Sweden,141267
SE,Sweden,138115
SE,Sweden,138118
SE,Sweden,136071
SE,Sweden,133879
SE,Sweden,24024
DE,Germany,24025
SE,Sweden,24025
SE,Sweden,229007
EE,Estonia,389614
SE,Sweden,389614
SE,Sweden,231811
SE,Sweden,168056
SE,Sweden,168057
SE,Sweden,231812
TH,Thailand,278924
FR,France,278924
US,United States of America,278924
US,United States of America,407375
DK,Denmark,348668
JP,Japan,26945
FR,France,95610
IE,Ireland,95610
GB,United Kingdom,95610
US,United States of America,95610
RO,Romania,382399
US,United States of America,382399
IT,Italy,64961
IN,India,44749
SE,Sweden,228432
DK,Denmark,228432
JP,Japan,357786
US,United States of America,402331
US,United States of America,412519
RU,Russia,36161
JP,Japan,16257
RU,Russia,36163
US,United States of America,44173
FR,France,22240
FR,France,22623
RU,Russia,36162
IN,India,58051
US,United States of America,188489
US,United States of America,410537
FR,France,18825
DE,Germany,10841
CA,Canada,351211
US,United States of America,351211
JP,Japan,25114
JP,Japan,39123
US,United States of America,21481
HU,Hungary,389396
GB,United Kingdom,389396
RU,Russia,20949
US,United States of America,355730
CA,Canada,361261
US,United States of America,338485
US,United States of America,325189
US,United States of America,407171
US,United States of America,308686
US,United States of America,231617
US,United States of America,63710
US,United States of America,18182
CA,Canada,281506
CA,Canada,37453
US,United States of America,37453
US,United States of America,407655
US,United States of America,262848
HU,Hungary,207932
US,United States of America,207932
US,United States of America,335796
US,United States of America,300424
US,United States of America,28425
US,United States of America,402543
US,United States of America,414767
US,United States of America,348631
CN,China,343611
US,United States of America,343611
US,United States of America,59762
US,United States of America,338964
RU,Russia,83865
RU,Russia,250895
RU,Russia,370545
RU,Russia,33065
RU,Russia,33534
RU,Russia,77304
DE,Germany,279229
GB,United Kingdom,64428
US,United States of America,396330
US,United States of America,86821
US,United States of America,330459
US,United States of America,346672
US,United States of America,31245
BR,Brazil,21752
RU,Russia,154922
RU,Russia,314946
RU,Russia,52939
DK,Denmark,207323
DK,Denmark,53693
US,United States of America,403052
CA,Canada,18223
US,United States of America,18223
RU,Russia,362058
US,United States of America,47971
DK,Denmark,324849
US,United States of America,324849
CA,Canada,26461
US,United States of America,401544
JP,Japan,374205
US,United States of America,400045
US,United States of America,14564
JP,Japan,362584
JP,Japan,362585
HU,Hungary,414937
GB,United Kingdom,414937
US,United States of America,324552
US,United States of America,263115
GB,United Kingdom,180863
GB,United Kingdom,38499
FR,France,173897
AU,Australia,173897
CA,Canada,173897
DE,Germany,173897
GB,United Kingdom,374251
US,United States of America,341174
DE,Germany,51322
US,United States of America,426580
JP,Japan,109080
JP,Japan,114370
JP,Japan,114372
JP,Japan,114371
JP,Japan,105231
JP,Japan,50253
JP,Japan,83090
JP,Japan,83091
JP,Japan,66105
JP,Japan,83088
US,United States of America,40120
CA,Canada,17695
US,United States of America,410988
JP,Japan,309028
TR,Turkey,278475
US,United States of America,11795
US,United States of America,391975
AU,Australia,126889
CA,Canada,126889
NZ,New Zealand,126889
GB,United Kingdom,126889
US,United States of America,126889
JP,Japan,347413
US,United States of America,18051
GB,United Kingdom,211798
US,United States of America,19002
AU,Australia,19766
US,United States of America,15212
US,United States of America,9711
US,United States of America,20760
US,United States of America,14611
RU,Russia,64266
RU,Russia,56372
US,United States of America,137116
US,United States of America,213927
GB,United Kingdom,65310
US,United States of America,417830
US,United States of America,337339
KR,South Korea,141102
US,United States of America,141102
IN,India,141102
IT,Italy,41663
IT,Italy,25606
US,United States of America,260514
JP,Japan,400136
BG,Bulgaria,348893
US,United States of America,445993
JP,Japan,31051
JP,Japan,18334
HK,Hong Kong,41289
US,United States of America,401689
US,United States of America,61708
TH,Thailand,37963
TR,Turkey,64468
TR,Turkey,48763
US,United States of America,40761
RU,Russia,430413
IN,India,350312
US,United States of America,366143
US,United States of America,203835
GB,United Kingdom,164377
US,United States of America,20648
US,United States of America,447113
US,United States of America,360404
US,United States of America,212470
US,United States of America,413736
US,United States of America,324963
US,United States of America,227257
US,United States of America,290727
US,United States of America,166747
US,United States of America,260234
US,United States of America,167313
US,United States of America,134632
RU,Russia,99247
US,United States of America,9990
RU,Russia,252034
UA,Ukraine,252034
US,United States of America,19580
RU,Russia,56525
RU,Russia,37851
RU,Russia,62732
RU,Russia,47812
RU,Russia,37656
HK,Hong Kong,16269
PL,Poland,18575
PL,Poland,24769
US,United States of America,324852
RU,Russia,72203
RU,Russia,77759
RU,Russia,77762
RU,Russia,20883
JP,Japan,294682
JP,Japan,17101
RU,Russia,41957
RU,Russia,29361
RU,Russia,57779
RU,Russia,61139
RU,Russia,20884
RU,Russia,53086
RU,Russia,62731
RU,Russia,195065
GB,United Kingdom,452142
CA,Canada,281338
US,United States of America,281338
JP,Japan,154727
IT,Italy,44268
IT,Italy,37769
DE,Germany,36888
US,United States of America,2791
JP,Japan,13981
RU,Russia,77051
RU,Russia,327982
RU,Russia,129830
US,United States of America,451644
JP,Japan,154501
FR,France,10260
FR,France,56544
IT,Italy,56544
RU,Russia,150010
US,United States of America,26539
US,United States of America,24794
US,United States of America,20755
CA,Canada,20755
US,United States of America,13683
JP,Japan,34065
US,United States of America,34065
US,United States of America,335988
RU,Russia,159447
RU,Russia,313556
RU,Russia,248747
RU,Russia,60189
TR,Turkey,332788
IT,Italy,37991
FR,France,37991
DE,Germany,37991
US,United States of America,86337
JP,Japan,381519
IT,Italy,71133
IT,Italy,57996
IT,Italy,63179
CZ,Czech Republic,2331
DE,Germany,2331
IT,Italy,2331
US,United States of America,2331
US,United States of America,14247
US,United States of America,54551
FR,France,375798
US,United States of America,461053
FR,France,68637
DE,Germany,70609
DE,Germany,36886
DE,Germany,36887
DE,Germany,36885
SE,Sweden,12097
PL,Poland,78359
RU,Russia,78359
PL,Poland,152912
CZ,Czech Republic,152912
SK,Slovakia,152912
FR,France,248705
GB,United Kingdom,3104
GB,United Kingdom,24568
GB,United Kingdom,19307
GB,United Kingdom,21251
