iso_639_1,name,movie_id
en,English,862
en,English,15602
en,English,11862
en,English,710
ru,Pусский,710
es,Español,710
en,English,21032
en,English,9273
en,English,8012
en,English,9598
en,English,9312
en,English,10530
en,English,11525
hu,Magyar,11525
en,English,10634
en,English,755
es,Español,755
en,English,10874
en,English,27793
en,English,9737
en,English,414
en,English,5894
en,English,8068
en,English,1572
de,Deutsch,1572
ro,Română,1572
en,English,13552
en,English,9073
id,Bahasa indonesia,9073
ms,Bahasa melayu,9073
en,English,9070
en,English,1642
es,Español,1642
en,English,10802
en,English,10149
en,English,9348
en,English,3512
ru,Pусский,50797
en,English,76
de,Deutsch,76
fr,Français,76
en,English,2292
en,English,8467
en,English,15789
en,English,628
fr,Français,628
en,English,11
en,English,18220
fr,Français,110
fr,Français,108
pl,Polski,108
fr,Français,109
hu,Magyar,109
pl,Polski,109
en,English,22586
en,English,11395
en,English,9059
en,English,193
en,English,3049
en,English,9331
en,English,9495
en,English,888
en,English,8587
en,English,11596
sv,svenska,854
en,English,854
en,English,36593
en,English,1637
en,English,8831
en,English,11667
ja,日本語,11667
en,English,8011
en,English,2758
en,English,306
en,English,11310
it,Italiano,11310
ru,Pусский,11310
en,English,24257
en,English,1634
en,English,5503
en,English,2019
en,English,9255
en,English,329
es,Español,329
en,English,11231
en,English,5550
ja,日本語,5550
en,English,11236
en,English,8850
en,English,78
de,Deutsch,78
cn,广州话 / 廣州話,78
ja,日本語,78
hu,Magyar,78
en,English,771
en,English,812
en,English,280
es,Español,280
en,English,268
fr,Français,268
en,English,274
fr,Français,10020
en,English,10020
en,English,10824
en,English,11827
hu,Magyar,11827
en,English,8766
en,English,19042
en,English,954
fr,Français,954
cs,Český,954
en,English,8840
en,English,25087
bn,বাংলা,5801
bn,বাংলা,896
fr,Français,8072
fr,Français,11687
ja,日本語,9323
en,English,532
en,English,10547
en,English,627
en,English,602
la,Latin,10545
en,English,10545
en,English,9327
en,English,10546
de,Deutsch,10546
en,English,9431
es,Español,9431
en,English,10061
en,English,238
it,Italiano,238
la,Latin,238
cn,广州话 / 廣州話,11134
en,English,11134
ms,Bahasa melayu,11134
th,ภาษาไทย,11134
cn,广州话 / 廣州話,38955
en,English,19004
en,English,10987
en,English,62
ru,Pусский,62
en,English,3529
en,English,10331
en,English,10680
en,English,14821
es,Español,14136
en,English,14136
cn,广州话 / 廣州話,14136
en,English,10869
en,English,11224
en,English,10948
en,English,11229
en,English,562
de,Deutsch,562
it,Italiano,562
en,English,10163
en,English,11238
en,English,88
en,English,402
en,English,25750
en,English,11843
en,English,1103
en,English,11298
en,English,531
en,English,36555
en,English,11455
en,English,1891
en,English,85
es,Español,85
de,Deutsch,85
he,עִבְרִית,85
ar,العربية,85
en,English,679
it,Italiano,429
en,English,1892
en,English,348
es,Español,348
en,English,766
en,English,539
en,English,525
en,English,240
it,Italiano,240
la,Latin,240
es,Español,240
en,English,530
en,English,218
es,Español,829
cn,广州话 / 廣州話,829
en,English,829
en,English,765
en,English,105
en,English,8009
en,English,756
en,English,11314
de,Deutsch,89
el,ελληνικά,89
en,English,89
en,English,8077
en,English,41671
pt,Português,41671
en,English,27214
en,English,52263
en,English,33519
en,English,16235
en,English,11449
en,English,41848
it,Italiano,41848
en,English,229
en,English,9529
en,English,7340
en,English,377
en,English,794
it,Italiano,794
la,Latin,794
en,English,145
en,English,199
en,English,9279
en,English,17204
en,English,11674
en,English,1573
es,Español,1573
en,English,152
en,English,174
en,English,172
en,English,154
en,English,157
ru,Pусский,157
en,English,168
fi,suomi,168
en,English,364
en,English,11967
en,English,9086
en,English,621
en,English,9037
en,English,8845
en,English,578
en,English,579
en,English,17692
en,English,4232
en,English,34314
en,English,9404
ru,Pусский,9404
uk,Український,9404
zh,普通话,9404
cn,广州话 / 廣州話,9404
en,English,6499
en,English,9360
en,English,816
en,English,1811
en,English,330
en,English,1639
pt,Português,1639
en,English,415
ja,日本語,17991
en,English,607
es,Español,607
en,English,9387
en,English,20737
cs,Český,18519
en,English,18519
en,English,4961
it,Italiano,4961
en,English,1669
ru,Pусский,1669
en,English,9437
zh,普通话,9437
en,English,10351
en,English,3597
en,English,1281
en,English,563
en,English,9823
en,English,8078
fr,Français,42832
pl,Polski,9714
en,English,9714
en,English,4233
de,Deutsch,714
en,English,714
da,Dansk,714
zh,普通话,714
cn,广州话 / 廣州話,714
ru,Pусский,11568
en,English,11568
en,English,11808
en,English,617
es,Español,27472
en,English,27472
en,English,10216
en,English,9771
it,Italiano,9771
en,English,10674
zh,普通话,10674
en,English,846
en,English,3050
en,English,944
cn,广州话 / 廣州話,944
zh,普通话,944
en,English,1051
fr,Français,1051
en,English,1366
en,English,10014
en,English,10072
en,English,10131
en,English,10160
en,English,11284
en,English,4488
en,English,9725
en,English,9728
en,English,9730
es,Español,9730
en,English,9731
en,English,10225
en,English,10281
en,English,10283
en,English,948
en,English,11281
en,English,10676
en,English,11357
en,English,11361
en,English,609
en,English,11133
en,English,10306
de,Deutsch,9552
fr,Français,9552
la,Latin,9552
ar,العربية,9552
el,ελληνικά,9552
en,English,9552
en,English,11586
fr,Français,11586
es,Español,11586
en,English,11587
it,Italiano,11587
en,English,941
en,English,942
af,Afrikaans,942
en,English,943
en,English,927
es,Español,927
en,English,928
en,English,9342
en,English,165
en,English,196
en,English,17984
en,English,3170
en,English,242
it,Italiano,242
de,Deutsch,242
la,Latin,242
en,English,11164
is,Íslenska,11164
es,Español,12129
en,English,12129
fr,Français,14140
en,English,14140
en,English,11158
en,English,9354
en,English,9325
en,English,10340
en,English,10144
fr,Français,10144
en,English,10414
en,English,10437
en,English,12230
en,English,10693
da,Dansk,11135
en,English,11135
ko,한국어/조선말,11135
no,Norsk,11135
sv,svenska,11135
en,English,11319
en,English,14822
en,English,15969
en,English,19762
en,English,2619
it,Italiano,2619
en,English,97
en,English,11675
en,English,87
en,English,123
en,English,10823
pt,Português,10823
es,Español,10823
en,English,11497
en,English,2907
en,English,11704
en,English,11415
cs,Český,37530
en,English,37530
af,Afrikaans,8393
en,English,8393
af,Afrikaans,11937
en,English,11937
en,English,21661
en,English,34584
en,English,34636
de,Deutsch,34636
ru,Pусский,36647
en,English,36647
de,Deutsch,431
en,English,431
en,English,2109
en,English,9877
it,Italiano,9877
en,English,1091
no,Norsk,1091
en,English,4437
ru,Pусский,4437
en,English,9945
la,Latin,9945
fr,Français,4518
en,English,4518
en,English,3600
en,English,12223
en,English,14444
ja,日本語,1678
en,English,39256
ja,日本語,39256
ru,Pусский,39256
ja,日本語,1680
en,English,9749
en,English,14628
en,English,9626
en,English,707
en,English,9336
en,English,10157
en,English,12118
en,English,10587
en,English,11825
en,English,11895
en,English,9447
en,English,200
en,English,1369
vi,Tiếng Việt,1369
en,English,1368
en,English,1370
ru,Pусский,1370
ar,العربية,10303
en,English,10303
fr,Français,9326
en,English,9326
es,Español,9326
en,English,10328
en,English,11285
en,English,1367
en,English,1371
en,English,1374
en,English,1375
en,English,1885
en,English,8856
en,English,10495
en,English,6917
en,English,40729
en,English,11815
fr,Français,11815
en,English,9426
en,English,10344
pl,Polski,10344
en,English,30497
en,English,16337
en,English,25018
en,English,16780
en,English,9671
en,English,9396
en,English,8224
en,English,8913
en,English,10906
en,English,25748
en,English,25749
it,Italiano,10671
en,English,10671
en,English,27932
hu,Magyar,27932
en,English,7227
hu,Magyar,7227
en,English,2362
en,English,871
en,English,1685
en,English,1705
en,English,1688
en,English,1687
en,English,29723
fr,Français,29723
es,Español,29723
en,English,9535
vi,Tiếng Việt,796
en,English,796
fr,Français,796
en,English,7341
en,English,603
en,English,564
ar,العربية,564
en,English,1893
ar,العربية,15849
en,English,15849
fr,Français,15849
en,English,18990
de,Deutsch,18990
en,English,29242
en,English,29243
en,English,31498
en,English,29239
en,English,1924
en,English,8536
en,English,9531
it,Italiano,9531
es,Español,9531
th,ภาษาไทย,9531
en,English,11411
fr,Français,11411
it,Italiano,11411
ru,Pусский,11411
th,ภาษาไทย,11411
en,English,138
de,Deutsch,138
hu,Magyar,138
en,English,30793
en,English,3103
es,Español,3103
en,English,3035
en,English,3077
en,English,3074
en,English,3076
en,English,3079
en,English,32023
en,English,13666
en,English,29794
en,English,17918
de,Deutsch,817
en,English,817
en,English,37135
en,English,2105
fr,Français,10239
en,English,10208
en,English,2667
en,English,620
en,English,2978
en,English,332
no,Norsk,332
fr,Français,332
es,Español,332
en,English,147
fr,Français,147
en,English,9710
en,English,10766
en,English,10768
en,English,813
en,English,2665
en,English,11077
it,Italiano,11077
en,English,28597
it,Italiano,28597
pt,Português,28597
en,English,850
en,English,10366
en,English,9349
en,English,11797
en,English,18086
cn,广州话 / 廣州話,10975
cn,广州话 / 廣州話,10974
en,English,9638
en,English,10576
en,English,12662
cn,广州话 / 廣州話,11230
la,Latin,1654
en,English,1654
de,Deutsch,1654
fr,Français,1654
es,Español,1654
zh,普通话,658
en,English,658
es,Español,658
en,English,657
ru,Pусский,657
tr,Türkçe,657
ro,Română,657
en,English,646
fr,Français,646
en,English,5689
it,Italiano,391
es,Español,391
en,English,772
fr,Français,772
sq,shqip,15247
en,English,15247
en,English,29251
en,English,5548
en,English,5549
el,ελληνικά,699
en,English,699
it,Italiano,699
en,English,709
es,Español,709
en,English,253
hu,Magyar,253
en,English,660
fr,Français,660
en,English,11377
en,English,18111
en,English,16281
it,Italiano,16281
en,English,16288
en,English,1694
de,Deutsch,1694
ja,日本語,10228
en,English,9264
en,English,18222
en,English,36643
ru,Pусский,36643
en,English,863
en,English,32669
en,English,10402
en,English,10137
en,English,49948
en,English,10471
cs,Český,14919
en,English,14919
en,English,2005
en,English,6279
en,English,9869
es,Español,9367
en,English,4234
en,English,8374
es,Español,8374
en,English,2787
en,English,2069
fr,Français,2069
es,Español,2069
de,Deutsch,10839
en,English,10839
fr,Français,10839
ru,Pусский,10839
en,English,838
en,English,11176
en,English,11899
en,English,9532
fr,Français,9532
fr,Français,13939
en,English,13939
it,Italiano,13939
de,Deutsch,13939
en,English,14373
en,English,24873
en,English,26263
en,English,34746
fr,Français,1498
en,English,1498
en,English,1497
en,English,1499
en,English,11690
en,English,11520
en,English,11356
en,English,17339
es,Español,17339
en,English,13665
en,English,12309
ja,日本語,12309
en,English,106
es,Español,106
en,English,1359
es,Español,1359
cn,广州话 / 廣州話,1359
en,English,10557
ru,Pусский,10557
ur,اردو,10557
en,English,11977
en,English,9456
de,Deutsch,9456
en,English,889
da,Dansk,452
en,English,39283
en,English,65460
en,English,55667
it,Italiano,16395
en,English,16395
en,English,10560
en,English,9285
en,English,955
en,English,8584
zh,普通话,8584
es,Español,8584
en,English,668
de,Deutsch,668
en,English,691
it,Italiano,691
ar,العربية,691
en,English,698
it,Italiano,698
th,ภาษาไทย,682
cn,广州话 / 廣州話,682
en,English,682
en,English,21
en,English,10911
de,Deutsch,10911
el,ελληνικά,10911
en,English,26953
en,English,26954
it,Italiano,26954
en,English,26956
de,Deutsch,26956
en,English,26957
en,English,26958
en,English,26959
en,English,26960
en,English,21137
en,English,36724
it,Italiano,938
en,English,10648
es,Español,10648
en,English,169
en,English,10128
en,English,9659
en,English,8810
en,English,9355
en,English,10068
en,English,11495
it,Italiano,11495
en,English,482
en,English,479
es,Español,479
de,Deutsch,479
en,English,9873
cs,Český,16820
en,English,16820
ru,Pусский,16820
en,English,15379
vi,Tiếng Việt,15379
en,English,12764
vi,Tiếng Việt,12764
en,English,27352
pt,Português,27352
en,English,494
en,English,493
en,English,4247
en,English,36657
ja,日本語,12599
en,English,12599
en,English,12107
en,English,9383
en,English,15158
en,English,16139
en,English,16146
en,English,20850
de,Deutsch,20850
en,English,8843
ja,日本語,10643
en,English,37136
en,English,37137
en,English,11398
en,English,1588
en,English,12211
fr,Français,12211
en,English,12212
en,English,16
en,English,9003
en,English,9064
en,English,11569
en,English,38126
fr,Français,38126
en,English,10973
en,English,10787
en,English,27475
en,English,27764
en,English,27767
en,English,40760
en,English,40446
de,Deutsch,20455
en,English,20455
en,English,1597
en,English,18498
en,English,28605
cn,广州话 / 廣州話,12207
en,English,11531
en,English,681
de,Deutsch,681
en,English,16340
en,English,10481
zh,普通话,146
en,English,11849
pl,Polski,11849
en,English,708
ar,العربية,708
fr,Français,708
de,Deutsch,708
ru,Pусский,708
cs,Český,708
sk,Slovenčina,708
en,English,10673
en,English,1493
es,Español,1493
fr,Français,1493
ru,Pусский,1493
en,English,10577
en,English,96
en,English,90
en,English,18935
en,English,764
en,English,580
en,English,1547
en,English,10019
en,English,37302
en,English,9740
en,English,19405
en,English,17965
en,English,11454
es,Español,10054
en,English,10054
en,English,2043
ru,Pусский,2043
en,English,56715
fr,Français,56715
en,English,10991
en,English,634
en,English,10956
en,English,9290
en,English,1734
ar,العربية,1734
en,English,808
en,English,1406
de,Deutsch,1406
it,Italiano,41050
en,English,966
es,Español,966
en,English,12639
es,Español,12639
en,English,10865
fr,Français,10865
es,Español,10865
en,English,1995
en,English,10808
en,English,9799
fr,Français,60670
en,English,10992
fr,Français,10992
de,Deutsch,10992
th,ภาษาไทย,10992
en,English,4248
it,Italiano,24382
ja,日本語,11286
zh,普通话,11286
ar,العربية,11286
en,English,11286
en,English,11950
en,English,12236
de,Deutsch,12236
en,English,20075
en,English,20197
en,English,11906
it,Italiano,11906
la,Latin,11906
ru,Pусский,11906
en,English,2114
en,English,8835
en,English,26044
en,English,18509
en,English,3980
en,English,10127
en,English,12702
en,English,10651
en,English,5680
en,English,26386
en,English,38500
de,Deutsch,38500
en,English,12144
en,English,24929
en,English,10925
en,English,11966
en,English,2605
ja,日本語,41428
en,English,12500
en,English,25678
en,English,25682
en,English,32049
en,English,10134
en,English,10345
en,English,9942
en,English,331
es,Español,331
en,English,19142
en,English,11342
en,English,24126
en,English,27813
en,English,9880
cn,广州话 / 廣州話,5175
en,English,5175
zh,普通话,5175
en,English,17169
en,English,2770
en,English,8922
en,English,9398
en,English,10866
fr,Français,166
en,English,13612
es,Español,984
en,English,984
en,English,141
en,English,585
en,English,671
en,English,16441
en,English,34388
de,Deutsch,34388
hu,Magyar,34388
en,English,37835
en,English,26398
en,English,10649
en,English,27591
en,English,10650
cs,Český,8007
en,English,8007
es,Español,8007
en,English,120
en,English,12593
en,English,14683
cn,广州话 / 廣州話,11595
en,English,11595
en,English,9610
en,English,150
en,English,16690
en,English,39939
en,English,11979
de,Deutsch,25006
en,English,25006
ja,日本語,15999
en,English,13225
en,English,7219
it,Italiano,7219
en,English,26200
en,English,425
en,English,1576
en,English,17804
de,Deutsch,17804
en,English,31805
en,English,13861
eo,Esperanto,13861
en,English,29021
en,English,31812
fr,Français,28213
en,English,12705
es,Español,12705
en,English,11006
cs,Český,15120
en,English,15120
hu,Magyar,15120
es,Español,15120
sv,svenska,16026
cs,Český,36586
ro,Română,36586
en,English,36586
en,English,11452
en,English,11590
el,ελληνικά,8346
en,English,8346
en,English,12154
fr,Français,12154
ru,Pусский,12154
en,English,11630
fr,Français,11630
en,English,11470
en,English,557
en,English,12227
en,English,43643
en,English,1894
en,English,15417
ar,العربية,4614
en,English,4614
ru,Pусский,4614
uk,Український,4614
de,Deutsch,4614
en,English,2501
fr,Français,2501
de,Deutsch,2501
nl,Nederlands,2501
it,Italiano,2501
en,English,9637
en,English,14774
de,Deutsch,14774
en,English,11544
en,English,608
en,English,11442
en,English,10996
en,English,818
ja,日本語,818
de,Deutsch,818
fr,Français,818
ar,العربية,36645
nl,Nederlands,36645
en,English,36645
fr,Français,36645
de,Deutsch,36645
it,Italiano,36645
en,English,9488
cs,Český,7451
en,English,7451
de,Deutsch,7451
es,Español,7451
ru,Pусский,7451
en,English,15070
en,English,9595
en,English,3127
la,Latin,3127
en,English,10611
en,English,4108
fr,Français,4108
zh,普通话,4108
en,English,18943
en,English,32685
en,English,18477
en,English,12262
en,English,9533
en,English,10575
it,Italiano,10575
ja,日本語,1682
ja,日本語,39462
en,English,18983
en,English,24348
es,Español,24348
en,English,34600
en,English,39128
en,English,11868
it,Italiano,10772
en,English,77079
it,Italiano,77079
es,Español,77079
ja,日本語,12600
en,English,565
en,English,21925
en,English,10285
en,English,17205
de,Deutsch,2264
en,English,9012
ja,日本語,12208
en,English,12208
fr,Français,12208
de,Deutsch,12208
en,English,9021
en,English,10167
en,English,672
en,English,29229
en,English,13888
en,English,36669
ko,한국어/조선말,36669
cn,广州话 / 廣州話,36669
de,Deutsch,36669
es,Español,36669
is,Íslenska,36669
it,Italiano,36669
en,English,10426
fr,Français,10426
pt,Português,10426
en,English,14433
zu,isiZulu,14433
en,English,9932
sv,svenska,35343
fr,Français,171
en,English,201
en,English,121
en,English,31804
en,English,16225
es,Español,16225
en,English,9358
ja,日本語,15802
fr,Français,11915
sv,svenska,29224
en,English,2262
de,Deutsch,2262
en,English,9699
en,English,23943
en,English,6038
zh,普通话,6038
en,English,14873
en,English,24883
fr,Français,24883
es,Español,24883
ar,العربية,17264
en,English,17264
it,Italiano,17264
en,English,15347
ja,日本語,2671
ja,日本語,9669
sv,svenska,42695
en,English,2662
en,English,36658
de,Deutsch,36658
it,Italiano,36658
en,English,10708
en,English,604
it,Italiano,1555
fr,Français,1555
es,Español,1555
en,English,1555
ca,Català,1555
da,Dansk,1555
de,Deutsch,1555
en,English,33875
ja,日本語,33875
en,English,310
en,English,12
en,English,9902
en,English,584
es,Español,584
en,English,10152
en,English,20694
en,English,35669
es,Español,170
en,English,170
en,English,10327
en,English,296
en,English,22
en,English,8961
es,Español,8961
ja,日本語,9486
en,English,9486
fr,Français,9486
en,English,1996
zh,普通话,1996
en,English,12279
en,English,8273
en,English,9257
es,Español,9257
fr,Français,9257
it,Italiano,33954
en,English,6466
en,English,10923
en,English,9362
en,English,936
fr,Français,936
it,Italiano,936
en,English,12268
fr,Français,12268
hi,हिन्दी,7504
en,English,513
hi,हिन्दी,513
en,English,11351
es,Español,2722
en,English,11547
en,English,1428
es,Español,1428
zh,普通话,10617
es,Español,10617
cn,广州话 / 廣州話,10618
en,English,10618
cn,广州话 / 廣州話,10619
en,English,10619
ru,Pусский,10619
en,English,8408
en,English,277
he,עִבְרִית,17614
en,English,18113
en,English,11806
en,English,10438
en,English,9871
en,English,33258
en,English,24
ja,日本語,24
fr,Français,24
en,English,9373
en,English,4256
hr,Hrvatski,10009
en,English,10009
en,English,10389
zh,普通话,10389
ru,Pусский,10389
th,ภาษาไทย,10389
en,English,3117
bn,বাংলা,897
en,English,27117
it,Italiano,27117
en,English,50553
it,Italiano,50553
en,English,44383
en,English,605
fr,Français,605
en,English,11846
it,Italiano,11846
pt,Português,11846
en,English,10147
en,English,9556
en,English,38939
en,English,860
en,English,8010
en,English,951
es,Español,951
ja,日本語,3176
en,English,11824
en,English,1594
fr,Français,1594
en,English,11811
it,Italiano,11811
fr,Français,255
en,English,10028
en,English,122
en,English,11007
en,English,11429
cs,Český,5205
en,English,5205
de,Deutsch,5205
en,English,1954
en,English,21301
en,English,30566
en,English,42466
en,English,9838
en,English,10677
es,Español,10677
en,English,17047
en,English,11024
ru,Pусский,1487
en,English,1487
en,English,11358
en,English,2122
he,עִבְרִית,2122
hu,Magyar,2122
en,English,923
en,English,34082
en,English,393
zh,普通话,393
es,Español,393
cn,广州话 / 廣州話,393
en,English,7131
la,Latin,7131
en,English,10035
en,English,667
ja,日本語,667
ru,Pусский,667
de,Deutsch,700
en,English,700
ru,Pусский,700
es,Español,700
en,English,36670
fr,Français,36670
ar,العربية,36670
es,Español,36670
en,English,10940
ar,العربية,16113
en,English,16113
el,ελληνικά,16113
he,עִבְרִית,16113
cs,Český,25508
en,English,25508
sr,Srpski,25508
th,ภาษาไทย,39907
en,English,9545
en,English,10916
en,English,10921
en,English,10941
en,English,14589
en,English,14594
en,English,14590
en,English,14588
en,English,14595
de,Deutsch,1583
cn,广州话 / 廣州話,17653
en,English,11069
es,Español,11069
en,English,10829
de,Deutsch,31952
en,English,31952
en,English,3075
en,English,11506
fr,Français,11506
de,Deutsch,11506
sv,svenska,11506
sv,svenska,29455
la,Latin,11602
sv,svenska,11602
en,English,42632
cn,广州话 / 廣州話,10775
en,English,15618
en,English,13282
da,Dansk,250
en,English,250
de,Deutsch,250
en,English,19086
fr,Français,19086
da,Dansk,15824
it,Italiano,5165
en,English,5165
de,Deutsch,19128
en,English,33560
ja,日本語,15371
en,English,809
en,English,673
en,English,2789
en,English,8920
en,English,11546
en,English,17481
en,English,27118
it,Italiano,27118
ja,日本語,31217
zh,普通话,31217
ja,日本語,38582
en,English,9542
en,English,10606
en,English,6081
fr,Français,6081
pt,Português,2330
fr,Français,2330
de,Deutsch,2330
ko,한국어/조선말,2330
fr,Français,2334
en,English,558
ru,Pусский,558
zh,普通话,558
en,English,80
fr,Français,80
en,English,8699
cs,Český,11247
en,English,11247
de,Deutsch,11247
en,English,2502
ru,Pусский,2502
de,Deutsch,2502
it,Italiano,2502
en,English,12625
es,Español,12625
en,English,43417
es,Español,43417
en,English,20408
en,English,18706
fr,Français,18706
it,Italiano,18706
it,Italiano,34327
en,English,34327
en,English,20417
en,English,35780
en,English,25361
en,English,11282
hi,हिन्दी,11282
en,English,11130
it,Italiano,395
en,English,395
en,English,10762
en,English,11026
en,English,11237
ru,Pусский,11237
en,English,24924
it,Italiano,24924
en,English,1577
en,English,27816
en,English,27815
en,English,1970
ja,日本語,1970
en,English,176
fr,Français,9806
en,English,9806
de,Deutsch,9801
th,ภาษาไทย,9801
en,English,9801
la,Latin,2059
en,English,2059
es,Español,2059
en,English,11836
eo,Esperanto,36648
en,English,36648
en,English,28421
la,Latin,27970
en,English,27970
cn,广州话 / 廣州話,27970
en,English,23101
en,English,28436
ru,Pусский,9797
en,English,31980
en,English,30801
ja,日本語,31372
ja,日本語,31374
ja,日本語,31378
ja,日本語,34528
zh,普通话,34528
ru,Pусский,34528
ja,日本語,34530
zh,普通话,34530
ru,Pусский,34530
en,English,21135
de,Deutsch,21135
it,Italiano,21135
en,English,17102
fr,Français,11047
fr,Français,9929
en,English,29778
la,Latin,29778
en,English,29748
ja,日本語,70327
it,Italiano,9394
en,English,34479
sv,svenska,40732
en,English,18250
en,English,33020
fr,Français,12089
it,Italiano,12089
ja,日本語,41471
ja,日本語,17810
it,Italiano,9474
en,English,25473
fr,Français,24402
en,English,16246
en,English,19174
fr,Français,9385
fr,Français,28209
en,English,10711
fr,Français,10711
en,English,38783
en,English,10640
en,English,1362
fr,Français,33701
en,English,1884
en,English,27414
fr,Français,8868
en,English,29903
en,English,10372
cn,广州话 / 廣州話,9056
fr,Français,9318
nl,Nederlands,10570
cn,广州话 / 廣州話,11471
en,English,11471
zh,普通话,11471
en,English,22572
zh,普通话,30421
cn,广州话 / 廣州話,18305
en,English,18305
it,Italiano,18305
zh,普通话,18305
ja,日本語,14571
en,English,1483
en,English,34376
en,English,29904
sv,svenska,34683
en,English,47350
en,English,25684
cn,广州话 / 廣州話,18817
zh,普通话,18817
en,English,16437
zh,普通话,17811
de,Deutsch,35610
en,English,35610
ro,Română,32764
de,Deutsch,32764
cn,广州话 / 廣州話,26877
en,English,18998
en,English,11067
en,English,12613
ja,日本語,12613
fr,Français,37563
sv,svenska,16003
da,Dansk,2061
ru,Pусский,17629
en,English,17629
sv,svenska,17629
en,English,9732
en,English,10213
en,English,12095
es,Español,1283
de,Deutsch,344
en,English,15805
pt,Português,15805
en,English,11508
fr,Français,11508
en,English,12485
ja,日本語,18491
en,English,39927
es,Español,39927
fr,Français,21348
de,Deutsch,2332
fr,Français,2332
ja,日本語,2332
cs,Český,20882
ru,Pусский,20882
en,English,5458
en,English,28031
en,English,15653
ja,日本語,71138
ja,日本語,39872
en,English,10706
es,Español,10706
en,English,17208
da,Dansk,10751
sr,Srpski,10751
sv,svenska,10751
de,Deutsch,2899
fr,Français,2899
ar,العربية,2899
cn,广州话 / 廣州話,2899
la,Latin,2899
ja,日本語,36243
en,English,10726
en,English,437
en,English,11178
ko,한국어/조선말,11178
sv,svenska,100973
ko,한국어/조선말,4689
pl,Polski,18248
en,English,18248
da,Dansk,18248
de,Deutsch,18248
en,English,11430
de,Deutsch,4326
ja,日本語,32250
ja,日本語,44203
en,English,10891
en,English,12540
de,Deutsch,60672
fr,Français,60672
it,Italiano,60672
en,English,14245
ja,日本語,3177
cn,广州话 / 廣州話,10855
en,English,10855
ja,日本語,12140
it,Italiano,10361
en,English,10361
ja,日本語,11838
ko,한국어/조선말,670
en,English,12583
it,Italiano,12583
es,Español,12583
ja,日本語,9694
ja,日本語,22537
en,English,10304
ja,日本語,9666
en,English,9316
th,ภาษาไทย,9316
cn,广州话 / 廣州話,11647
en,English,11647
th,ภาษาไทย,11647
zh,普通话,11647
en,English,10105
de,Deutsch,10105
en,English,83
zh,普通话,14310
en,English,10320
ru,Pусский,62276
ja,日本語,5889
pt,Português,5889
en,English,5460
en,English,8357
de,Deutsch,8357
es,Español,8357
cn,广州话 / 廣州話,24674
en,English,24674
zh,普通话,24674
th,ภาษาไทย,24674
en,English,12597
en,English,693
en,English,11804
ja,日本語,18627
it,Italiano,23832
la,Latin,23832
ja,日本語,11633
sv,svenska,12127
sv,svenska,11626
en,English,27549
en,English,11637
en,English,12142
pt,Português,12142
en,English,8968
fr,Français,8968
pl,Polski,8968
en,English,661
de,Deutsch,661
en,English,10214
de,Deutsch,3040
ru,Pусский,3040
en,English,44875
fr,Français,258
en,English,4551
ru,Pусский,4551
ja,日本語,3115
ja,日本語,6593
es,Español,438
en,English,438
fr,Français,438
en,English,10040
ja,日本語,19545
en,English,187
it,Italiano,47406
ja,日本語,9674
en,English,10065
en,English,13409
en,English,11679
ja,日本語,24444
ja,日本語,9463
en,English,1895
en,English,28423
en,English,953
fr,Français,953
pt,Português,953
es,Español,953
th,ภาษาไทย,953
en,English,12700
en,English,9779
el,ελληνικά,9779
es,Español,9779
en,English,18289
ja,日本語,18289
en,English,272
ur,اردو,272
zh,普通话,272
ja,日本語,15767
en,English,15767
cn,广州话 / 廣州話,15767
en,English,11451
en,English,11683
fr,Français,11683
it,Italiano,11683
pl,Polski,11683
es,Español,11683
en,English,42488
sv,svenska,42488
it,Italiano,20914
ja,日本語,39464
en,English,4889
en,English,9738
fr,Français,1826
es,Español,1696
en,English,1696
en,English,6519
nl,Nederlands,11453
en,English,11453
pl,Polski,11453
pt,Português,11453
da,Dansk,11328
en,English,22965
de,Deutsch,9564
fr,Français,9564
en,English,9335
fr,Français,9335
it,Italiano,9335
fr,Français,17386
en,English,17386
cn,广州话 / 廣州話,10753
zh,普通话,11636
cn,广州话 / 廣州話,11636
en,English,11636
en,English,8923
ja,日本語,647
en,English,11968
en,English,533
en,English,9763
es,Español,9763
en,English,38828
en,English,1656
it,Italiano,1656
es,Español,1656
en,English,215
it,Italiano,10915
en,English,8274
en,English,26845
en,English,18994
fr,Français,259
en,English,25
es,Español,25
ar,العربية,25
la,Latin,25
en,English,23220
sv,svenska,9885
en,English,9885
en,English,9392
en,English,674
fr,Français,674
en,English,3124
en,English,411
de,Deutsch,411
ru,Pусский,43118
en,English,9641
it,Italiano,9568
de,Deutsch,9568
en,English,9568
fr,Français,6935
en,English,4550
ja,日本語,4550
ko,한국어/조선말,4550
fr,Français,10045
en,English,168705
pt,Português,168705
en,English,1690
en,English,10982
en,English,834
fr,Français,834
hu,Magyar,834
en,English,11246
ja,日本語,52728
en,English,7295
hu,Magyar,7295
hi,हिन्दी,7509
fr,Français,11183
en,English,11283
en,English,9286
en,English,12096
en,English,9975
en,English,9682
pl,Polski,9682
en,English,14609
es,Español,14609
en,English,950
en,English,18009
en,English,19286
en,English,19287
de,Deutsch,19287
en,English,18011
en,English,9792
en,English,11573
it,Italiano,11573
en,English,46828
it,Italiano,46828
en,English,10292
en,English,3093
de,Deutsch,3093
en,English,4257
en,English,588
en,English,8982
zh,普通话,8982
th,ภาษาไทย,8982
vi,Tiếng Việt,8982
de,Deutsch,956
en,English,956
it,Italiano,956
zh,普通话,956
cs,Český,956
cn,广州话 / 廣州話,956
en,English,591
fr,Français,591
la,Latin,591
es,Español,591
en,English,36668
en,English,920
it,Italiano,920
ja,日本語,920
en,English,58
tr,Türkçe,58
el,ελληνικά,58
zh,普通话,58
en,English,2295
en,English,8997
en,English,10947
en,English,9615
ja,日本語,9615
en,English,9513
pt,Português,9513
en,English,10770
it,Italiano,10770
en,English,1452
fr,Français,1452
de,Deutsch,1452
en,English,36576
en,English,33005
hi,हिन्दी,32740
en,English,1593
it,Italiano,1593
he,עִבְרִית,1593
en,English,1948
es,Español,1948
ko,한국어/조선말,1948
en,English,9762
cn,广州话 / 廣州話,58311
cn,广州话 / 廣州話,18672
de,Deutsch,18672
ja,日本語,18672
zh,普通话,18672
de,Deutsch,32761
en,English,12094
en,English,15997
en,English,7484
en,English,10781
en,English,1975
ja,日本語,1975
ru,Pусский,1975
ar,العربية,8975
en,English,8975
ja,日本語,5890
pt,Português,5890
en,English,214
fr,Français,43071
es,Español,43071
en,English,14620
en,English,13767
en,English,36557
fr,Français,36557
en,English,9836
de,Deutsch,15152
fr,Français,15152
ar,العربية,15152
en,English,10032
en,English,22440
en,English,17604
en,English,1246
es,Español,1246
en,English,12795
ru,Pусский,12795
de,Deutsch,33583
it,Italiano,33583
en,English,9992
en,English,8275
fr,Français,11578
it,Italiano,11578
fr,Français,11972
it,Italiano,11972
en,English,9966
en,English,1248
de,Deutsch,1248
ru,Pусский,1248
en,English,14761
en,English,9965
en,English,9958
en,English,1250
en,English,13185
zh,普通话,11841
sv,svenska,11945
it,Italiano,5691
en,English,5691
en,English,15582
da,Dansk,11330
en,English,10942
en,English,7006
en,English,8965
en,English,1271
en,English,9793
es,Español,9793
en,English,10172
en,English,10294
ar,العربية,1987
en,English,1987
fr,Français,1987
de,Deutsch,1987
en,English,1268
fr,Français,1268
ru,Pусский,1268
en,English,559
fr,Français,559
en,English,14240
ru,Pусский,2269
en,English,1562
en,English,810
en,English,285
fr,Français,14208
ar,العربية,14208
en,English,14208
fr,Français,14207
la,Latin,14207
pt,Português,14207
en,English,14207
ja,日本語,39465
ja,日本語,12561
ja,日本語,36679
en,English,1691
pl,Polski,1691
en,English,22049
it,Italiano,22049
en,English,1979
ja,日本語,1979
ar,العربية,1979
zh,普通话,1979
en,English,1991
en,English,11211
es,Español,9815
en,English,9815
en,English,12695
en,English,1571
it,Italiano,1571
fr,Français,1571
en,English,2698
es,Español,1858
en,English,1858
en,English,675
ar,العربية,13491
en,English,13491
sv,svenska,13491
en,English,2503
fr,Français,2503
ar,العربية,2503
ru,Pусский,2503
es,Español,2503
pt,Português,34588
de,Deutsch,2701
en,English,2701
fr,Français,17350
la,Latin,5174
en,English,5174
fr,Français,5174
ja,日本語,5174
zh,普通话,5174
en,English,14144
en,English,2082
en,English,1845
fr,Français,1845
de,Deutsch,1845
fr,Français,2335
en,English,1992
en,English,14348
en,English,7737
sv,svenska,4517
en,English,4517
es,Español,4517
en,English,4513
en,English,663
cn,广州话 / 廣州話,48301
zh,普通话,48301
pt,Português,7347
en,English,16768
en,English,1620
ru,Pусский,1620
sr,Srpski,1620
en,English,6477
es,Español,6477
fr,Français,6477
ja,日本語,6477
en,English,7249
en,English,13186
en,English,15495
la,Latin,6637
en,English,6637
fr,Français,6637
en,English,440
de,Deutsch,6076
en,English,69315
ja,日本語,8329
es,Español,8329
en,English,2312
en,English,11908
en,English,6933
en,English,7555
th,ภาษาไทย,7555
es,Español,9030
en,English,9030
en,English,11253
en,English,13054
ru,Pусский,8328
en,English,8328
en,English,13025
cs,Český,28260
en,English,28260
it,Italiano,28260
en,English,155
zh,普通话,155
en,English,18070
en,English,8456
ja,日本語,19333
en,English,1266
tr,Türkçe,1266
en,English,13335
en,English,9017
en,English,38661
hu,Magyar,38661
en,English,40044
en,English,40214
en,English,40045
en,English,1726
fa,فارسی,1726
ur,اردو,1726
ar,العربية,1726
en,English,8681
fr,Français,8681
ar,العربية,8681
sq,shqip,8681
en,English,13001
en,English,8277
en,English,2454
en,English,217
de,Deutsch,217
ru,Pусский,217
en,English,4564
en,English,9502
en,English,12889
en,English,13205
en,English,8359
en,English,13675
de,Deutsch,9010
en,English,88751
is,Íslenska,88751
it,Italiano,88751
da,Dansk,15840
sv,svenska,15840
da,Dansk,15830
de,Deutsch,15830
hu,Magyar,15830
en,English,16007
ja,日本語,16007
ru,Pусский,16007
en,English,11802
en,English,12914
en,English,14154
de,Deutsch,14154
en,English,8836
en,English,10898
en,English,13541
en,English,11910
en,English,1735
zh,普通话,1735
zh,普通话,12289
th,ภาษาไทย,12289
en,English,10188
en,English,13649
en,English,10483
en,English,13515
en,English,13564
en,English,15206
en,English,16456
de,Deutsch,16456
cs,Český,12683
en,English,12683
pt,Português,12683
en,English,11874
fr,Français,11874
it,Italiano,11874
en,English,25741
fi,suomi,25741
en,English,13812
en,English,13489
pl,Polski,13489
ja,日本語,41474
ja,日本語,41477
en,English,16068
en,English,15289
en,English,11887
en,English,13253
en,English,10527
it,Italiano,10527
th,ภาษาไทย,10527
ja,日本語,36073
en,English,10764
es,Español,10764
it,Italiano,10764
fr,Français,10764
de,Deutsch,10764
ja,日本語,14943
en,English,13655
en,English,11917
en,English,12525
en,English,14405
en,English,36571
fr,Français,36571
de,Deutsch,36571
en,English,36572
en,English,8966
en,English,13387
uk,Український,13387
fr,Français,13387
ru,Pусский,13387
hu,Magyar,13387
en,English,15026
en,English,14447
en,English,28148
en,English,8881
es,Español,8881
en,English,8880
es,Español,8880
en,English,11127
zh,普通话,9050
hr,Hrvatski,36573
en,English,36573
de,Deutsch,36573
en,English,14306
en,English,31047
en,English,25528
en,English,13690
zh,普通话,14756
ja,日本語,14756
cn,广州话 / 廣州話,14756
de,Deutsch,35945
hu,Magyar,35945
en,English,35945
en,English,26235
fr,Français,13635
es,Español,13635
ar,العربية,13635
en,English,13635
en,English,12437
ja,日本語,15227
en,English,14560
en,English,1977
ja,日本語,1977
pl,Polski,1977
en,English,15060
en,English,14711
en,English,15268
en,English,13207
en,English,15159
cs,Český,18781
en,English,18781
cs,Český,16353
zh,普通话,16353
ru,Pусский,16353
th,ภาษาไทย,16353
sv,svenska,15472
en,English,15472
en,English,30155
en,English,16258
en,English,9841
en,English,13804
ar,العربية,45882
fa,فارسی,45882
en,English,15092
en,English,2080
en,English,13475
it,Italiano,11160
zh,普通话,15384
th,ภาษาไทย,15384
cs,Český,17124
en,English,17124
fr,Français,17124
en,English,17532
en,English,13448
it,Italiano,13448
la,Latin,13448
fr,Français,13448
de,Deutsch,13448
zh,普通话,13448
en,English,534
it,Italiano,534
en,English,18360
pl,Polski,8211
ja,日本語,21832
pt,Português,15588
fr,Français,15588
en,English,15588
he,עִבְרִית,15588
en,English,28677
en,English,18785
en,English,34300
no,Norsk,14451
zu,isiZulu,18061
en,English,18061
en,English,27085
de,Deutsch,75015
pl,Polski,75015
en,English,8373
es,Español,8373
en,English,8355
no,Norsk,18901
en,English,14728
en,English,767
fr,Français,10353
en,English,9592
fr,Français,9592
en,English,23964
en,English,53868
en,English,21407
en,English,14869
fr,Français,14869
cs,Český,17134
en,English,17134
en,English,50719
ja,日本語,15137
ja,日本語,37047
en,English,92011
en,English,18759
en,English,15641
en,English,35203
en,English,24150
en,English,5060
en,English,15809
de,Deutsch,15809
en,English,18120
es,Español,18120
en,English,17618
en,English,19912
en,English,22794
en,English,17455
en,English,12699
en,English,23827
ja,日本語,44685
de,Deutsch,71041
en,English,22804
en,English,22821
it,Italiano,22821
es,Español,22821
de,Deutsch,70555
en,English,105077
en,English,18239
it,Italiano,18239
es,Español,1284
en,English,25716
ja,日本語,25716
en,English,37190
en,English,19995
es,Español,19995
en,English,10528
fr,Français,10528
en,English,13988
en,English,23398
fr,Français,23398
en,English,26123
sv,svenska,33613
en,English,26961
en,English,81895
fr,Français,81895
en,English,25602
ja,日本語,25602
ru,Pусский,25602
es,Español,25602
fr,Français,2395
pt,Português,2395
en,English,13382
en,English,15255
ar,العربية,13522
da,Dansk,13522
en,English,13522
no,Norsk,13522
sv,svenska,13522
en,English,33395
ja,日本語,42137
sv,svenska,24253
it,Italiano,24253
fr,Français,24253
en,English,32657
en,English,27561
fr,Français,15357
en,English,23023
es,Español,10664
en,English,28739
en,English,12155
en,English,20618
en,English,16763
ja,日本語,59719
en,English,29426
en,English,31723
en,English,5753
it,Italiano,32688
en,English,42342
ru,Pусский,23048
en,English,23048
en,English,10191
en,English,22582
bg,български език,28510
en,English,28510
en,English,33421
it,Italiano,33421
de,Deutsch,21467
ru,Pусский,21467
sr,Srpski,21467
ja,日本語,109572
de,Deutsch,10469
en,English,18823
en,English,23483
no,Norsk,16686
no,Norsk,15973
ur,اردو,15973
en,English,33217
fr,Français,17960
it,Italiano,17960
en,English,37169
de,Deutsch,37169
ja,日本語,37169
en,English,10138
ru,Pусский,10138
fr,Français,10138
fr,Français,4180
ja,日本語,125271
en,English,23437
ja,日本語,261538
ja,日本語,253232
en,English,37786
ar,العربية,37786
fr,Français,10241
ru,Pусский,38318
en,English,13058
en,English,34480
en,English,10193
es,Español,10193
en,English,10192
en,English,24021
en,English,208478
en,English,39129
en,English,34851
es,Español,34851
ru,Pусский,34851
en,English,20352
en,English,38365
en,English,16304
ru,Pусский,16304
es,Español,16304
en,English,35019
fr,Français,31203
zh,普通话,37472
cn,广州话 / 廣州話,37472
en,English,37472
en,English,45322
en,English,28426
en,English,27578
es,Español,27578
en,English,43593
en,English,16346
ja,日本語,42194
zh,普通话,42194
en,English,42194
ja,日本語,28609
en,English,38358
en,English,14158
ru,Pусский,14158
en,English,23631
es,Español,23631
en,English,41233
en,English,206145
en,English,40264
es,Español,40264
de,Deutsch,28938
en,English,35791
es,Español,35791
ja,日本語,35791
en,English,45162
en,English,33909
en,English,39691
th,ภาษาไทย,39691
ja,日本語,41486
ja,日本語,41482
en,English,59581
es,Español,43933
en,English,43933
en,English,46812
pl,Polski,46812
es,Español,46812
ro,Română,16290
en,English,16290
en,English,39312
en,English,42941
en,English,39514
ru,Pусский,39514
da,Dansk,11389
fr,Français,4729
en,English,41436
en,English,38234
da,Dansk,11391
en,English,41439
en,English,48466
fr,Français,48466
pl,Polski,48466
en,English,12444
en,English,38757
en,English,26769
en,English,10140
en,English,48395
fi,suomi,48395
en,English,43919
en,English,20526
zh,普通话,54178
en,English,15740
en,English,39451
en,English,1361
en,English,54430
fr,Français,54430
it,Italiano,56402
zh,普通话,43209
th,ภาษาไทย,43209
ja,日本語,45284
ja,日本語,22843
en,English,43947
fr,Français,60213
es,Español,60213
en,English,12536
en,English,46441
pl,Polski,46441
en,English,27582
fr,Français,60290
fr,Français,60221
es,Español,60221
ja,日本語,9706
en,English,22620
en,English,47533
pt,Português,47931
fr,Français,15362
en,English,15362
de,Deutsch,11406
ja,日本語,16140
pl,Polski,16140
en,English,49018
ja,日本語,20329
en,English,60307
nl,Nederlands,10408
ru,Pусский,10408
en,English,10408
tr,Türkçe,83651
tr,Türkçe,31408
tr,Türkçe,31402
nl,Nederlands,46523
en,English,29920
en,English,41446
en,English,46195
pt,Português,46195
en,English,10195
en,English,56780
it,Italiano,48415
en,English,42709
de,Deutsch,9511
en,English,51497
es,Español,51497
pt,Português,51497
it,Italiano,51497
cn,广州话 / 廣州話,32654
zh,普通话,32654
ja,日本語,1679
en,English,1865
es,Español,1865
en,English,45243
th,ภาษาไทย,45243
ja,日本語,3107
en,English,51170
en,English,76171
en,English,49444
de,Deutsch,49538
en,English,49538
es,Español,49538
fr,Français,49538
ru,Pусский,49538
cn,广州话 / 廣州話,50507
en,English,50507
ja,日本語,15766
en,English,56272
en,English,38356
en,English,61546
en,English,51540
en,English,49013
ja,日本語,49013
it,Italiano,49013
fr,Français,49013
sv,svenska,45690
en,English,71982
en,English,12445
fr,Français,1771
no,Norsk,1771
en,English,1771
en,English,59115
en,English,59566
nl,Nederlands,54540
en,English,54540
de,Deutsch,54540
zh,普通话,28039
en,English,13931
en,English,41513
en,English,51765
en,English,12819
en,English,45839
en,English,51620
en,English,63943
pa,ਪੰਜਾਬੀ,63943
en,English,61791
ja,日本語,56832
en,English,55779
cn,广州话 / 廣州話,55779
en,English,55465
en,English,38774
en,English,29484
en,English,56288
en,English,58151
no,Norsk,21786
en,English,52015
en,English,20441
pl,Polski,20441
en,English,40016
en,English,73358
en,English,69798
en,English,72914
it,Italiano,36236
en,English,24428
en,English,60935
no,Norsk,60935
da,Dansk,60935
de,Deutsch,75969
en,English,10005
ru,Pусский,10005
en,English,72571
de,Deutsch,58233
cn,广州话 / 廣州話,58233
en,English,58233
zh,普通话,58233
ru,Pусский,58233
it,Italiano,56122
de,Deutsch,94336
en,English,64328
en,English,50619
pt,Português,50619
en,English,15157
ja,日本語,74135
en,English,28118
fr,Français,11625
de,Deutsch,9369
fr,Français,9369
en,English,9369
en,English,9642
fr,Français,9642
en,English,65759
en,English,76163
en,English,13396
en,English,46020
en,English,70160
en,English,49026
en,English,49040
ru,Pусский,49040
en,English,58574
en,English,30245
zu,isiZulu,30245
en,English,56292
ru,Pусский,56292
fr,Français,56292
ar,العربية,56292
sv,svenska,56292
en,English,55301
en,English,24833
en,English,74523
en,English,62837
en,English,52520
ru,Pусский,52520
en,English,74997
cs,Český,71670
en,English,71670
fr,Français,71670
de,Deutsch,71670
hu,Magyar,71670
pl,Polski,71670
ru,Pусский,57809
ru,Pусский,85317
en,English,50698
zh,普通话,48492
es,Español,48492
en,English,65086
en,English,72545
de,Deutsch,53174
en,English,74471
en,English,71676
en,English,71672
en,English,18705
en,English,38674
en,English,64688
pl,Polski,79221
en,English,57165
en,English,26881
en,English,71552
id,Bahasa indonesia,94329
hi,हिन्दी,85052
hi,हिन्दी,74534
en,English,74534
en,English,86416
en,English,67660
es,Español,61979
fr,Français,14400
en,English,14400
sr,Srpski,14400
pt,Português,14400
en,English,41154
en,English,58595
en,English,27646
en,English,70981
en,English,111440
en,English,80321
es,Español,80321
th,ภาษาไทย,80321
ja,日本語,39144
ja,日本語,39145
en,English,22855
ja,日本語,116776
ja,日本語,39100
en,English,39100
en,English,13313
en,English,39101
ja,日本語,39101
en,English,13761
en,English,72105
en,English,77930
en,English,39103
ja,日本語,39103
en,English,24752
ja,日本語,24752
ja,日本語,39104
en,English,1930
pt,Português,39105
es,Español,39105
ja,日本語,39105
en,English,23823
en,English,57800
en,English,25913
en,English,59706
en,English,84165
fr,Français,84165
it,Italiano,84165
ja,日本語,44251
ja,日本語,39106
ja,日本語,39107
en,English,14863
it,Italiano,56909
ja,日本語,39108
ja,日本語,39323
en,English,16130
fr,Français,16130
en,English,80410
ja,日本語,39324
en,English,13676
en,English,37724
en,English,82650
en,English,14128
en,English,71668
en,English,83660
en,English,114150
en,English,26505
en,English,15895
en,English,28218
en,English,71679
en,English,55723
en,English,84348
en,English,82675
tr,Türkçe,82675
ar,العربية,82675
ja,日本語,17165
en,English,10089
en,English,82507
pt,Português,82507
fr,Français,82507
en,English,76492
en,English,33390
en,English,33391
en,English,134371
it,Italiano,40075
en,English,72391
en,English,57089
fr,Français,80280
ca,Català,80280
es,Español,80280
hi,हिन्दी,117691
fr,Français,99770
en,English,82990
en,English,94348
de,Deutsch,94348
en,English,61012
en,English,82690
en,English,97430
en,English,19139
en,English,65851
en,English,12594
en,English,123025
fr,Français,123025
en,English,50620
en,English,85446
en,English,70584
es,Español,70584
fr,Français,13679
en,English,94380
en,English,125504
cs,Český,93289
fr,Français,93289
cn,广州话 / 廣州話,25539
cn,广州话 / 廣州話,10044
ja,日本語,18707
cn,广州话 / 廣州話,18707
en,English,18707
cn,广州话 / 廣州話,10275
zh,普通话,10275
de,Deutsch,37030
zh,普通话,37030
zh,普通话,37032
en,English,49051
cn,广州话 / 廣州話,10620
en,English,10620
he,עִבְרִית,117629
fr,Français,19099
en,English,75780
en,English,94352
en,English,139455
en,English,95511
en,English,44244
en,English,41592
en,English,134597
ja,日本語,127533
en,English,33303
en,English,34905
en,English,100450
en,English,76617
en,English,139038
en,English,142061
en,English,115223
fr,Français,115223
de,Deutsch,115223
ja,日本語,115223
da,Dansk,88557
en,English,88557
fr,Français,88557
de,Deutsch,88557
it,Italiano,88557
ja,日本語,88557
en,English,31046
fr,Français,31046
en,English,30347
fr,Français,30347
en,English,26114
fr,Français,26114
en,English,43263
fr,Français,43263
en,English,59238
fr,Français,59238
en,English,110148
fr,Français,110148
en,English,100183
en,English,97353
en,English,24925
en,English,156717
fr,Français,44450
ja,日本語,19336
en,English,33301
en,English,50076
en,English,150202
en,English,13648
ja,日本語,13648
ja,日本語,133121
en,English,133121
zh,普通话,98567
en,English,98567
fr,Français,98567
es,Español,98567
ru,Pусский,98567
en,English,53031
en,English,47964
ru,Pусский,47964
sv,svenska,56991
en,English,122857
en,English,132344
el,ελληνικά,132344
fr,Français,132344
en,English,114478
zh,普通话,170657
en,English,28090
en,English,146203
en,English,72559
en,English,9834
en,English,26883
en,English,31131
hu,Magyar,31131
en,English,117263
ko,한국어/조선말,117263
hi,हिन्दी,17501
en,English,18843
ja,日本語,127544
de,Deutsch,25516
hi,हिन्दी,25516
en,English,4258
en,English,80384
en,English,76589
es,Español,76589
en,English,68721
en,English,38453
en,English,32100
ja,日本語,26693
ja,日本語,36917
en,English,54138
ja,日本語,42601
de,Deutsch,458
en,English,109439
en,English,82992
ru,Pусский,82992
es,Español,82992
en,English,197467
en,English,197481
fr,Français,75656
en,English,75656
en,English,49521
en,English,158015
en,English,52034
nl,Nederlands,105965
en,English,105965
de,Deutsch,105965
sv,svenska,105965
en,English,62211
en,English,68726
en,English,177271
en,English,41586
en,English,59584
en,English,93456
en,English,44909
en,English,30654
sv,svenska,82447
en,English,24935
de,Deutsch,24935
en,English,159117
en,English,24939
de,Deutsch,24939
it,Italiano,45875
en,English,45875
en,English,205321
en,English,24646
no,Norsk,24646
sv,svenska,24646
en,English,183011
fr,Français,183011
es,Español,183011
en,English,138843
en,English,76170
en,English,146216
fr,Français,146216
ru,Pусский,146216
en,English,19593
en,English,19154
en,English,76285
en,English,77931
en,English,201676
ja,日本語,30143
en,English,147276
cs,Český,21683
en,English,21683
fr,Français,21683
en,English,109418
en,English,59859
en,English,87421
en,English,151960
ja,日本語,54266
en,English,59589
no,Norsk,15440
no,Norsk,56937
en,English,54768
en,English,27651
bg,български език,207768
en,English,207768
en,English,91586
th,ภาษาไทย,91586
en,English,109451
en,English,51985
en,English,119893
en,English,106747
es,Español,106747
en,English,18167
ja,日本語,39468
ja,日本語,39264
pt,Português,29941
en,English,29941
ja,日本語,39466
en,English,208134
hi,हिन्दी,19658
en,English,76338
ja,日本語,39469
ja,日本語,12636
ja,日本語,41498
ja,日本語,176983
en,English,101299
en,English,57158
hi,हिन्दी,204435
ru,Pусский,204435
te,తెలుగు,204435
en,English,109445
ja,日本語,21930
ja,日本語,16692
ja,日本語,16693
en,English,134366
ja,日本語,75629
en,English,214597
ja,日本語,22899
en,English,16985
ja,日本語,18510
ja,日本語,18511
ja,日本語,54283
ja,日本語,18624
ja,日本語,40897
ja,日本語,54265
ja,日本語,54272
ja,日本語,54274
ja,日本語,54273
ja,日本語,20986
ja,日本語,23452
en,English,18269
de,Deutsch,209232
ja,日本語,54275
ja,日本語,21410
ja,日本語,54276
en,English,109443
en,English,180894
ja,日本語,180894
sv,svenska,74626
en,English,11039
it,Italiano,11039
de,Deutsch,233063
ru,Pусский,229974
ja,日本語,54277
en,English,195269
en,English,227348
en,English,13632
fr,Français,13632
en,English,126963
ja,日本語,126963
en,English,39102
ja,日本語,39102
fr,Français,206408
en,English,206408
es,Español,206408
cn,广州话 / 廣州話,206408
ja,日本語,39148
en,English,38189
en,English,168530
en,English,137094
en,English,157350
en,English,217993
de,Deutsch,217993
ja,日本語,34131
ar,العربية,92647
hr,Hrvatski,92647
en,English,92647
ko,한국어/조선말,92647
sr,Srpski,92647
es,Español,92647
sv,svenska,92647
en,English,236399
fr,Français,21435
en,English,177888
ja,日本語,54278
ja,日本語,54279
ja,日本語,26947
en,English,14028
es,Español,14028
en,English,137106
en,English,97020
en,English,58427
de,Deutsch,58427
en,English,249397
sv,svenska,118513
en,English,20756
de,Deutsch,41109
hi,हिन्दी,41109
tr,Türkçe,41109
fi,suomi,141614
ja,日本語,60160
es,Español,21474
en,English,21474
da,Dansk,19325
en,English,19325
fr,Français,21379
en,English,18224
fr,Français,18224
en,English,24756
en,English,22259
en,English,53182
da,Dansk,196024
sv,svenska,196024
ar,العربية,196024
en,English,58767
ja,日本語,192577
en,English,100402
en,English,12685
en,English,17456
en,English,31329
fr,Français,31329
fr,Français,125395
de,Deutsch,145220
en,English,145220
en,English,38626
ar,العربية,180299
id,Bahasa indonesia,180299
ja,日本語,180299
en,English,180299
en,English,102382
en,English,251519
en,English,172385
pt,Português,172385
en,English,167575
en,English,184345
en,English,12242
en,English,195589
en,English,227425
en,English,258096
en,English,16931
ja,日本語,54281
en,English,127585
ja,日本語,54280
ja,日本語,54284
ja,日本語,54306
ja,日本語,54307
en,English,260202
en,English,260339
de,Deutsch,177677
en,English,177677
sv,svenska,177677
en,English,255268
es,Español,255268
en,English,128841
en,English,82881
en,English,187017
en,English,82702
en,English,26480
zh,普通话,26480
en,English,133558
fr,Français,133558
en,English,184098
en,English,91314
en,English,218836
en,English,119450
ja,日本語,259233
en,English,238636
en,English,118340
en,English,138103
en,English,57331
fr,Français,57331
sr,Srpski,57331
th,ภาษาไทย,57331
en,English,243683
en,English,284711
en,English,98566
en,English,59701
da,Dansk,198436
da,Dansk,314285
it,Italiano,314285
en,English,269650
en,English,22937
en,English,292893
en,English,242022
en,English,22555
en,English,189
en,English,199933
ja,日本語,287590
en,English,32109
de,Deutsch,32109
en,English,198663
en,English,248504
en,English,257451
en,English,157424
en,English,250546
en,English,38455
fr,Français,38455
en,English,33386
es,Español,1285
en,English,25148
en,English,28044
en,English,38084
cs,Český,273641
en,English,273641
ru,Pусский,273641
da,Dansk,54113
en,English,54113
fi,suomi,54113
de,Deutsch,54113
no,Norsk,54113
pl,Polski,54113
es,Español,54113
sv,svenska,54113
hu,Magyar,245891
en,English,245891
ru,Pусский,245891
en,English,157829
fr,Français,256
da,Dansk,16049
en,English,33387
en,English,28302
en,English,33393
en,English,38454
da,Dansk,36323
en,English,267333
en,English,267336
en,English,39262
en,English,39263
en,English,242512
da,Dansk,46314
en,English,54445
zh,普通话,217923
en,English,22599
en,English,413669
en,English,33708
cn,广州话 / 廣州話,41244
en,English,41244
it,Italiano,41244
vi,Tiếng Việt,41244
en,English,27310
en,English,151933
en,English,260063
en,English,19164
en,English,19165
en,English,17337
en,English,171581
pl,Polski,171581
es,Español,171581
en,English,25754
en,English,25752
en,English,25751
en,English,70575
en,English,25753
en,English,51649
de,Deutsch,199534
en,English,199534
en,English,75258
en,English,25475
en,English,290729
cs,Český,25391
en,English,25391
nl,Nederlands,79723
en,English,28668
de,Deutsch,241842
no,Norsk,241842
en,English,241842
ja,日本語,40644
ru,Pусский,82450
sv,svenska,82450
ar,العربية,82450
en,English,82450
ja,日本語,98344
zh,普通话,98344
en,English,291155
fr,Français,262551
en,English,38125
en,English,30972
en,English,131631
en,English,58433
fr,Français,58433
de,Deutsch,58433
pt,Português,58433
de,Deutsch,9742
en,English,100042
zh,普通话,17808
en,English,227735
ja,日本語,36683
zh,普通话,18232
en,English,267806
en,English,241868
ja,日本語,241868
zh,普通话,119892
en,English,119892
fr,Français,66129
en,English,24047
en,English,77348
en,English,81244
en,English,50291
en,English,135397
fr,Français,170522
it,Italiano,41608
en,English,227159
cn,广州话 / 廣州話,50571
de,Deutsch,50571
it,Italiano,50571
zh,普通话,50571
en,English,19273
en,English,27996
en,English,10473
cn,广州话 / 廣州話,66018
en,English,270946
en,English,294254
en,English,134375
pt,Português,134375
th,ภาษาไทย,110552
en,English,17792
de,Deutsch,99361
en,English,74018
en,English,15261
en,English,285423
en,English,289728
en,English,122917
it,Italiano,18450
ja,日本語,118751
it,Italiano,61925
it,Italiano,52914
it,Italiano,50758
de,Deutsch,52913
it,Italiano,52913
de,Deutsch,52238
it,Italiano,52238
it,Italiano,62715
it,Italiano,62725
it,Italiano,46001
it,Italiano,52113
it,Italiano,53342
en,English,207703
en,English,181533
nl,Nederlands,277368
fr,Français,277368
pt,Português,277368
en,English,32113
en,English,21240
nl,Nederlands,18948
en,English,18948
de,Deutsch,18948
es,Español,18948
en,English,70984
en,English,31609
en,English,260346
en,English,87101
en,English,288158
sv,svenska,24023
en,English,24026
sv,svenska,24026
en,English,267872
en,English,38187
es,Español,38187
en,English,30091
en,English,38183
en,English,38190
en,English,51939
en,English,38185
en,English,132601
en,English,14749
it,Italiano,14749
sv,svenska,14749
fr,Français,65703
en,English,13654
en,English,19824
en,English,101660
en,English,13360
en,English,85373
fr,Français,85373
en,English,125509
en,English,140161
en,English,19066
en,English,28635
en,English,19288
de,Deutsch,37526
en,English,37526
en,English,3483
de,Deutsch,3483
en,English,19254
de,Deutsch,19300
en,English,19300
en,English,26190
en,English,38157
en,English,48193
en,English,30178
en,English,50687
en,English,149957
en,English,133716
en,English,220504
en,English,55872
ru,Pусский,55872
en,English,14059
it,Italiano,14059
no,Norsk,14059
de,Deutsch,3686
en,English,84575
da,Dansk,24102
en,English,24102
it,Italiano,24102
de,Deutsch,7085
en,English,49597
da,Dansk,25556
en,English,25556
fr,Français,25556
de,Deutsch,25556
en,English,15066
en,English,113210
da,Dansk,25587
en,English,25587
en,English,24554
fr,Français,24554
en,English,259074
en,English,36421
de,Deutsch,36421
en,English,21518
en,English,9973
en,English,48844
en,English,70587
pl,Polski,70587
sv,svenska,70587
en,English,78047
en,English,142308
fr,Français,142308
sv,svenska,142308
en,English,149910
pl,Polski,149910
sv,svenska,149910
en,English,26042
en,English,113215
en,English,113209
en,English,39044
en,English,45662
es,Español,59117
es,Español,254869
es,Español,109689
en,English,76341
en,English,280092
th,ภาษาไทย,280092
en,English,140607
en,English,99861
en,English,76600
de,Deutsch,76600
en,English,166426
en,English,102899
en,English,293660
en,English,284053
en,English,283995
ro,Română,271110
en,English,271110
de,Deutsch,271110
ru,Pусский,271110
en,English,246655
en,English,214264
cn,广州话 / 廣州話,2648
en,English,24556
en,English,41235
da,Dansk,31933
en,English,31933
en,English,252360
hu,Magyar,15759
en,English,15759
en,English,193603
en,English,87881
en,English,90460
en,English,90461
en,English,90465
en,English,48132
ru,Pусский,164372
en,English,91198
da,Dansk,39961
en,English,43205
en,English,45099
fr,Français,45099
it,Italiano,45099
en,English,297556
de,Deutsch,26497
fr,Français,61852
en,English,113219
en,English,188357
en,English,72455
en,English,14053
en,English,309049
es,Español,48635
en,English,216015
en,English,27850
en,English,34205
en,English,34560
fr,Français,13734
en,English,82237
es,Español,89247
ja,日本語,121828
en,English,9948
fr,Français,199661
en,English,43716
fr,Français,1871
fr,Français,1870
fr,Français,1875
en,English,50401
en,English,3485
en,English,49183
es,Español,185341
en,English,278468
en,English,25164
en,English,44191
en,English,104413
en,English,24476
en,English,24477
en,English,13955
fr,Français,13955
en,English,295887
it,Italiano,78080
it,Italiano,106622
it,Italiano,106623
it,Italiano,69569
hu,Magyar,22974
en,English,81684
en,English,19181
de,Deutsch,19181
no,Norsk,19181
sv,svenska,19181
sv,svenska,17172
sv,svenska,37727
sv,svenska,22192
sv,svenska,37728
sv,svenska,23654
pl,Polski,37731
sv,svenska,37731
en,English,37731
sv,svenska,37730
en,English,300803
en,English,47631
en,English,303457
hi,हिन्दी,303457
pa,ਪੰਜਾਬੀ,303457
tr,Türkçe,31534
en,English,7392
en,English,11425
en,English,52868
en,English,15567
en,English,243938
en,English,28656
en,English,73551
en,English,25745
en,English,221791
en,English,228165
en,English,17041
ja,日本語,85349
en,English,268238
en,English,28801
de,Deutsch,31292
fr,Français,31292
sv,svenska,31292
en,English,31292
ru,Pусский,132759
ja,日本語,196750
en,English,322456
de,Deutsch,78124
en,English,287233
ja,日本語,73530
ja,日本語,265712
th,ภาษาไทย,265712
fr,Français,294690
en,English,326359
en,English,5065
ja,日本語,31347
de,Deutsch,175774
en,English,262500
fr,Français,39385
ja,日本語,118412
ja,日本語,113082
ja,日本語,144288
en,English,275060
en,English,276401
en,English,168259
ja,日本語,23155
en,English,26340
he,עִבְרִית,10580
en,English,267793
fr,Français,267793
en,English,80527
de,Deutsch,1269
en,English,16119
de,Deutsch,204712
en,English,33719
fr,Français,50166
de,Deutsch,1615
de,Deutsch,1616
nl,Nederlands,11084
da,Dansk,24696
en,English,24696
de,Deutsch,24696
it,Italiano,24696
es,Español,24696
de,Deutsch,9497
de,Deutsch,9514
de,Deutsch,9496
de,Deutsch,10036
de,Deutsch,9572
en,English,293771
ru,Pусский,35428
de,Deutsch,9478
de,Deutsch,10470
en,English,10010
ja,日本語,221732
ja,日本語,221731
en,English,321528
es,Español,321528
de,Deutsch,9803
hu,Magyar,58242
en,English,58242
en,English,256961
de,Deutsch,274415
ja,日本語,14572
ko,한국어/조선말,290865
de,Deutsch,12697
en,English,329540
de,Deutsch,290043
ja,日本語,73529
en,English,297270
en,English,175112
en,English,36897
de,Deutsch,36897
ja,日本語,36897
pt,Português,36897
en,English,327418
ja,日本語,321494
en,English,321494
fr,Français,39412
fr,Français,40978
en,English,146047
fr,Français,146047
fr,Français,61108
it,Italiano,40348
it,Italiano,39965
it,Italiano,28682
it,Italiano,28324
it,Italiano,28325
de,Deutsch,28574
it,Italiano,28574
en,English,259072
en,English,34134
en,English,91342
en,English,249070
en,English,44683
en,English,314407
en,English,254470
en,English,101652
it,Italiano,101652
en,English,145221
en,English,28746
en,English,94365
en,English,5061
en,English,294544
ru,Pусский,25936
ru,Pусский,20963
hi,हिन्दी,14394
hi,हिन्दी,20968
en,English,13179
it,Italiano,43646
it,Italiano,43648
it,Italiano,43649
it,Italiano,161545
en,English,9288
zh,普通话,219572
cn,广州话 / 廣州話,219572
it,Italiano,58404
it,Italiano,55960
en,English,131634
en,English,272878
en,English,283489
en,English,262504
en,English,259316
en,English,38700
en,English,28601
it,Italiano,28601
pt,Português,28601
it,Italiano,63178
it,Italiano,51912
it,Italiano,56920
en,English,58701
it,Italiano,58701
it,Italiano,11048
it,Italiano,11053
it,Italiano,11055
ja,日本語,18839
en,English,321068
en,English,47933
en,English,188927
hi,हिन्दी,19951
ar,العربية,196032
hr,Hrvatski,196032
en,English,196032
es,Español,196032
sv,svenska,196032
en,English,338100
en,English,5064
hi,हिन्दी,19670
ru,Pусский,19670
ja,日本語,38594
en,English,70006
en,English,214756
ko,한국어/조선말,16318
en,English,211672
en,English,19792
en,English,21316
it,Italiano,10578
en,English,10578
en,English,27847
en,English,14503
de,Deutsch,14503
en,English,14212
en,English,15338
en,English,10704
en,English,15262
it,Italiano,15262
pl,Polski,15262
en,English,36692
fr,Français,206647
en,English,206647
es,Español,206647
it,Italiano,206647
de,Deutsch,206647
ja,日本語,17922
en,English,10579
fr,Français,10579
ro,Română,10579
en,English,64325
en,English,75623
hu,Magyar,75623
en,English,14913
en,English,138372
en,English,33274
en,English,331446
ja,日本語,14092
en,English,51786
da,Dansk,23289
en,English,26809
en,English,60293
en,English,335753
en,English,36218
de,Deutsch,36218
ja,日本語,36218
it,Italiano,5086
en,English,139659
en,English,231082
en,English,182873
ja,日本語,227679
en,English,39057
de,Deutsch,39057
ja,日本語,39057
en,English,25961
ja,日本語,25961
en,English,34067
de,Deutsch,34067
en,English,228358
en,English,309887
it,Italiano,309887
cn,广州话 / 廣州話,33723
zh,普通话,33723
th,ภาษาไทย,33723
en,English,209112
ja,日本語,286548
en,English,286548
ja,日本語,118406
en,English,24686
ru,Pусский,24686
cs,Český,343977
en,English,343977
hu,Magyar,343977
it,Italiano,343977
pl,Polski,343977
en,English,72972
sv,svenska,72972
en,English,14787
en,English,42246
en,English,43956
fr,Français,43956
es,Español,43956
sv,svenska,43956
en,English,199753
en,English,39408
en,English,115290
en,English,207454
en,English,264999
ja,日本語,65973
ja,日本語,303857
it,Italiano,85038
it,Italiano,22182
it,Italiano,56339
en,English,335970
ja,日本語,120475
ja,日本語,60843
en,English,3602
en,English,62931
en,English,19725
de,Deutsch,14021
ja,日本語,14021
ja,日本語,55470
te,తెలుగు,256040
hi,हिन्दी,256040
ta,தமிழ்,256040
en,English,16808
de,Deutsch,16808
en,English,294562
en,English,344147
ja,日本語,212168
ja,日本語,240341
ja,日本語,279254
it,Italiano,49321
it,Italiano,41668
it,Italiano,41665
it,Italiano,37770
it,Italiano,41664
it,Italiano,26285
it,Italiano,24161
en,English,342917
hu,Magyar,342917
en,English,192911
en,English,15657
ja,日本語,47292
ja,日本語,39229
ja,日本語,39230
en,English,25423
ja,日本語,252520
en,English,7092
es,Español,7092
en,English,278604
it,Italiano,278604
en,English,105073
en,English,283445
zh,普通话,124471
th,ภาษาไทย,124471
cn,广州话 / 廣州話,257932
en,English,257932
zh,普通话,257932
ru,Pусский,257932
en,English,23903
en,English,135858
ja,日本語,152042
ja,日本語,295830
ja,日本語,30575
ja,日本語,37100
ja,日本語,28460
fr,Français,52761
ur,اردو,115873
hi,हिन्दी,115873
en,English,42949
en,English,33787
en,English,58625
fr,Français,12448
en,English,12448
ru,Pусский,20947
en,English,347096
en,English,26847
it,Italiano,60061
ja,日本語,17433
en,English,356216
en,English,150213
ja,日本語,150213
sv,svenska,150213
en,English,50087
it,Italiano,50087
ja,日本語,50087
en,English,303903
fr,Français,303903
ja,日本語,303903
es,Español,303903
ja,日本語,350499
en,English,42673
en,English,287948
fr,Français,86868
fr,Français,31359
zh,普通话,264264
en,English,34204
en,English,51836
en,English,46169
fr,Français,46169
fr,Français,319341
en,English,351901
ja,日本語,340382
ja,日本語,212162
ja,日本語,152044
cs,Český,329263
de,Deutsch,329263
en,English,43551
no,Norsk,55612
ja,日本語,182131
de,Deutsch,10645
de,Deutsch,459
de,Deutsch,457
en,English,40487
it,Italiano,40487
en,English,38237
de,Deutsch,277967
ro,Română,277967
tr,Türkçe,277967
en,English,159824
th,ภาษาไทย,159824
en,English,204582
en,English,339530
de,Deutsch,297762
en,English,297762
en,English,47934
en,English,353616
es,Español,80105
en,English,93230
sv,svenska,93230
en,English,32105
de,Deutsch,170759
en,English,191975
it,Italiano,56287
en,English,353595
en,English,44848
en,English,20381
ko,한국어/조선말,38015
th,ภาษาไทย,39111
ja,日本語,253451
ru,Pусский,56549
cn,广州话 / 廣州話,137409
en,English,137409
ja,日本語,162006
de,Deutsch,233639
en,English,146301
ru,Pусский,292014
en,English,2734
de,Deutsch,2734
en,English,47354
en,English,13721
pl,Polski,34942
de,Deutsch,135659
sv,svenska,135659
da,Dansk,254201
fr,Français,254201
tr,Türkçe,254201
zh,普通话,335462
en,English,45233
ko,한국어/조선말,64931
en,English,36693
ru,Pусский,41955
ru,Pусский,63536
ru,Pусский,41979
en,English,312221
fr,Français,4728
fr,Français,11913
fr,Français,4727
en,English,10516
fr,Français,10516
it,Italiano,75532
it,Italiano,71995
it,Italiano,62034
fr,Français,10939
it,Italiano,10939
ru,Pусский,63537
ru,Pусский,63538
ru,Pусский,65591
ru,Pусский,65594
ru,Pусский,59803
ru,Pусский,253192
en,English,19493
ru,Pусский,83456
en,English,19543
en,English,79722
en,English,51411
zh,普通话,48300
tr,Türkçe,31060
tr,Türkçe,31061
tr,Türkçe,32926
tr,Türkçe,257343
en,English,76084
sv,svenska,24647
nl,Nederlands,292177
en,English,349158
fr,Français,349158
fr,Français,331836
ja,日本語,23150
ja,日本語,23151
ja,日本語,23153
ja,日本語,23166
ja,日本語,23167
en,English,15706
es,Español,15706
zh,普通话,9048
en,English,299579
hu,Magyar,299579
en,English,30059
ja,日本語,334376
en,English,329833
sv,svenska,24712
sv,svenska,24713
sv,svenska,267048
en,English,359983
en,English,89645
ja,日本語,282069
ja,日本語,282070
it,Italiano,58074
it,Italiano,56068
en,English,26028
en,English,140300
ja,日本語,154738
ja,日本語,347201
ja,日本語,317442
en,English,98440
en,English,98439
ja,日本語,140054
ja,日本語,129745
nl,Nederlands,201386
en,English,89145
nl,Nederlands,35639
fr,Français,111480
de,Deutsch,111480
ja,日本語,349176
en,English,32643
fr,Français,135307
da,Dansk,72054
en,English,79516
ja,日本語,79516
pt,Português,79516
es,Español,79516
ja,日本語,13274
ja,日本語,16907
en,English,193439
en,English,55873
ru,Pусский,55873
en,English,47360
en,English,47363
fr,Français,56589
en,English,323675
en,English,366924
fr,Français,333658
en,English,137533
ja,日本語,68555
ru,Pусский,77294
ja,日本語,18874
en,English,378385
de,Deutsch,378385
pt,Português,378385
en,English,263341
en,English,267860
en,English,361263
en,English,24569
en,English,17276
en,English,24571
en,English,19297
en,English,19252
en,English,24654
en,English,24570
en,English,19293
de,Deutsch,19293
cn,广州话 / 廣州話,365222
en,English,365222
zh,普通话,365222
th,ภาษาไทย,365222
cs,Český,182219
fr,Français,182219
cn,广州话 / 廣州話,127329
fr,Français,127329
zh,普通话,127329
ja,日本語,41472
sv,svenska,11946
hi,हिन्दी,20294
hi,हिन्दी,14546
hi,हिन्दी,44978
hi,हिन्दी,49028
te,తెలుగు,49028
hi,हिन्दी,158519
da,Dansk,382517
en,English,382517
th,ภาษาไทย,382517
de,Deutsch,9084
en,English,14962
en,English,33371
da,Dansk,19812
en,English,193460
en,English,186775
hi,हिन्दी,361131
en,English,26329
en,English,382581
es,Español,382581
en,English,216016
en,English,186268
en,English,166904
de,Deutsch,63065
en,English,302688
en,English,33419
it,Italiano,33419
ru,Pусский,376716
en,English,182950
en,English,357096
en,English,193459
en,English,185289
en,English,184328
en,English,185273
en,English,187516
en,English,156603
en,English,180819
en,English,252916
en,English,115706
en,English,192371
en,English,116160
en,English,107966
en,English,174195
en,English,116190
en,English,70313
en,English,144852
en,English,193435
en,English,178569
en,English,177234
en,English,230182
en,English,109907
hi,हिन्दी,109907
hi,हिन्दी,282346
en,English,290595
en,English,325133
en,English,29487
en,English,29490
en,English,29829
ja,日本語,23154
ja,日本語,212156
de,Deutsch,1652
de,Deutsch,9657
de,Deutsch,9252
de,Deutsch,9379
ja,日本語,60964
ja,日本語,47747
ja,日本語,89458
tr,Türkçe,50025
en,English,326423
en,English,127380
ta,தமிழ்,23767
it,Italiano,113332
ja,日本語,34194
en,English,343972
ja,日本語,21769
ja,日本語,125513
ja,日本語,28697
ja,日本語,125521
ja,日本語,125510
ja,日本語,41365
ja,日本語,35105
es,Español,14829
ja,日本語,14829
ja,日本語,34935
ja,日本語,25843
ja,日本語,87636
ja,日本語,134053
ja,日本語,155017
ja,日本語,160399
ja,日本語,71449
ja,日本語,71444
en,English,31472
ja,日本語,30
ja,日本語,336026
en,English,5066
en,English,383121
ta,தமிழ்,116185
te,తెలుగు,116185
ja,日本語,35752
en,English,258509
en,English,300665
ja,日本語,295273
zh,普通话,295273
sr,Srpski,33604
it,Italiano,58007
de,Deutsch,75897
en,English,241259
en,English,374739
en,English,122293
zh,普通话,291805
en,English,291805
en,English,339526
da,Dansk,11392
da,Dansk,11390
it,Italiano,31264
en,English,308531
en,English,37237
en,English,259693
en,English,391757
en,English,43074
en,English,370687
en,English,400605
en,English,324668
da,Dansk,263945
sv,svenska,263945
en,English,316727
en,English,278154
en,English,388191
ko,한국어/조선말,328716
fr,Français,369776
it,Italiano,12529
it,Italiano,259634
it,Italiano,46572
fr,Français,33201
de,Deutsch,33201
en,English,58430
pt,Português,154441
en,English,18560
en,English,24057
it,Italiano,183073
ar,العربية,48995
en,English,48995
de,Deutsch,48995
sv,svenska,48995
ja,日本語,390734
en,English,54107
en,English,390989
ja,日本語,21452
ja,日本語,28808
sv,svenska,141267
sv,svenska,138115
sv,svenska,138118
sv,svenska,136071
sv,svenska,133879
sv,svenska,24024
sv,svenska,24025
en,English,24025
sv,svenska,229007
sv,svenska,389614
sv,svenska,231811
sv,svenska,168056
sv,svenska,168057
sv,svenska,231812
bg,български език,278924
en,English,278924
en,English,407375
da,Dansk,348668
ja,日本語,26945
en,English,95610
en,English,382399
hi,हिन्दी,391779
it,Italiano,64961
en,English,44749
hi,हिन्दी,44749
da,Dansk,228432
en,English,228432
lv,Latviešu,228432
sv,svenska,228432
ja,日本語,357786
en,English,402331
en,English,412519
ru,Pусский,36161
ja,日本語,16257
ru,Pусский,36163
en,English,44173
fr,Français,22240
fr,Français,22623
ru,Pусский,36162
hi,हिन्दी,58051
en,English,411802
en,English,188489
en,English,410537
en,English,10841
de,Deutsch,10841
en,English,351211
ja,日本語,25114
ja,日本語,39123
en,English,21481
fr,Français,21481
en,English,389396
ru,Pусский,20949
en,English,355730
en,English,361261
en,English,338485
en,English,325189
en,English,379992
en,English,407171
en,English,308686
en,English,231617
en,English,63710
en,English,25778
en,English,18182
en,English,25786
en,English,281506
cs,Český,34075
en,English,34075
en,English,407655
en,English,262848
en,English,207932
en,English,335796
en,English,300424
en,English,28425
en,English,402543
en,English,414767
en,English,330161
en,English,348631
en,English,343611
en,English,59762
en,English,338964
ru,Pусский,83865
ru,Pусский,250895
ru,Pусский,370545
ru,Pусский,33065
ru,Pусский,33534
ru,Pусский,77304
de,Deutsch,279229
en,English,64428
en,English,396330
en,English,86821
en,English,330459
en,English,346672
th,ภาษาไทย,346672
uk,Український,346672
en,English,287281
en,English,37708
pl,Polski,37708
en,English,31245
tr,Türkçe,297298
tr,Türkçe,371153
pt,Português,21752
ru,Pусский,154922
ru,Pусский,314946
ru,Pусский,52939
da,Dansk,207323
da,Dansk,53693
en,English,403052
en,English,18223
pl,Polski,18223
ru,Pусский,362058
en,English,47971
en,English,324849
en,English,26461
en,English,401544
ja,日本語,374205
en,English,400045
en,English,14564
ja,日本語,362584
ja,日本語,362585
cs,Český,414937
en,English,414937
hu,Magyar,414937
en,English,324552
it,Italiano,324552
en,English,263115
es,Español,263115
bg,български език,180863
en,English,180863
en,English,38499
en,English,173897
en,English,374251
en,English,341174
th,ภาษาไทย,51322
de,Deutsch,51322
cn,广州话 / 廣州話,51322
en,English,426580
en,English,417004
ja,日本語,109080
ja,日本語,114370
ja,日本語,114372
ja,日本語,114371
ja,日本語,105231
ja,日本語,50253
ja,日本語,83090
ja,日本語,83091
ja,日本語,66105
ja,日本語,83088
en,English,40120
en,English,17695
en,English,410988
ja,日本語,309028
tr,Türkçe,278475
en,English,11795
en,English,391975
en,English,126889
ja,日本語,347413
en,English,18051
en,English,211798
en,English,19002
en,English,19766
en,English,15212
en,English,9711
en,English,20760
en,English,14611
es,Español,14611
ru,Pусский,64266
ru,Pусский,56372
ar,العربية,137116
en,English,137116
en,English,213927
en,English,65310
en,English,417830
en,English,337339
en,English,141102
hu,Magyar,41663
it,Italiano,41663
it,Italiano,25606
en,English,260514
en,English,400136
ja,日本語,400136
en,English,348893
en,English,445993
ja,日本語,31051
ja,日本語,18334
fr,Français,41289
en,English,401689
en,English,61708
th,ภาษาไทย,37963
tr,Türkçe,64468
tr,Türkçe,48763
en,English,40761
ru,Pусский,430413
ta,தமிழ்,350312
te,తెలుగు,350312
en,English,366143
en,English,203835
en,English,164377
en,English,20648
en,English,360404
en,English,212470
en,English,413736
en,English,324963
en,English,227257
en,English,290727
en,English,166747
en,English,260234
en,English,167666
en,English,167313
en,English,134632
en,English,99247
ru,Pусский,99247
en,English,9990
ru,Pусский,252034
en,English,50332
en,English,19580
ru,Pусский,56525
ru,Pусский,37851
ru,Pусский,62732
ru,Pусский,47812
ru,Pусский,37656
en,English,16269
cn,广州话 / 廣州話,16269
pl,Polski,18575
pl,Polski,24769
ru,Pусский,24769
en,English,324852
ru,Pусский,72203
ru,Pусский,77759
ru,Pусский,77762
cs,Český,20883
ru,Pусский,20883
ja,日本語,294682
ja,日本語,17101
ru,Pусский,41957
ru,Pусский,29361
ru,Pусский,57779
ru,Pусский,61139
ru,Pусский,20884
ru,Pусский,53086
ru,Pусский,62731
ru,Pусский,195065
en,English,452142
en,English,281338
fr,Français,15449
ja,日本語,154727
hu,Magyar,60800
it,Italiano,44268
it,Italiano,37769
de,Deutsch,36888
en,English,2791
ja,日本語,13981
ru,Pусский,77051
ru,Pусский,327982
ru,Pусский,129830
en,English,451644
ja,日本語,154501
fr,Français,10260
fr,Français,56544
it,Italiano,56544
ru,Pусский,150010
en,English,26539
fr,Français,24794
en,English,20755
en,English,13683
en,English,34065
de,Deutsch,34065
ja,日本語,34065
en,English,335988
ru,Pусский,159447
ru,Pусский,313556
ru,Pусский,248747
ru,Pусский,60189
tr,Türkçe,332788
fr,Français,37991
it,Italiano,37991
ru,Pусский,37991
en,English,86337
hu,Magyar,86337
ja,日本語,381519
it,Italiano,71133
it,Italiano,57996
it,Italiano,63179
en,English,2331
it,Italiano,2331
pt,Português,2331
ru,Pусский,79701
en,English,14247
en,English,54551
es,Español,54551
fr,Français,375798
en,English,461053
fr,Français,68637
de,Deutsch,70609
de,Deutsch,36886
de,Deutsch,36887
de,Deutsch,36885
sv,svenska,12097
de,Deutsch,12097
pl,Polski,78359
pl,Polski,152912
fr,Français,248705
en,English,3104
en,English,24568
en,English,19307
en,English,21251
zh,普通话,182030
